sink-receive,-757005887343688363,2096949522934
sink-receive,8435954336491635623,2096990701804
sink-receive,3902478469933564631,2097050747163
sink-receive,-3645595964858695592,2097127365804
sink-receive,-2085676680608742697,2097148873859
sink-receive,6333956410790904535,2097168801766
sink-receive,-8551474869261302443,2097214738089
sink-receive,-4916762437430016683,2097249603878
sink-receive,-893753948081486507,2097250324496
sink-receive,3416766038677652821,2097276110715
sink-receive,6389172450218737752,2097313953421
sink-receive,8557533049481332276,2097349350387
sink-receive,-992534678311272385,2097483018414
sink-receive,4561714572154635533,2097495145675
sink-receive,2652157999090499647,2097580616586
sink-receive,-1880776061638146726,2097731476406
sink-receive,3883653185893565046,2097764241813
sink-receive,2730841039744008229,2097779687028
sink-receive,-8415571134669389746,2097803692814
sink-receive,5988157907911312851,2097820350525
sink-receive,2621362812995240014,2097845427822
sink-receive,3217486093083477459,2097865915059
sink-receive,-6080333352102002610,2097868272618
sink-receive,-5606643874337389101,2097889652419
sink-receive,-641177740426345790,2097931200315
sink-receive,-1561517145228049726,2097995556508
sink-receive,1179794487912694848,2098040376703
sink-receive,-2513876939970706068,2098087628299
sink-receive,2900561852176007874,2098090021621
sink-receive,7885620613279122273,2098092545636
sink-receive,-7407307079234354896,2098175330098
sink-receive,-1109339539446430512,2098188377401
sink-receive,91505377752908508,2098441190096
sink-receive,-320895140036083256,2098465891908
sink-receive,-7165722521818365496,2098471412163
sink-receive,-5778780760492211492,2098491650577
sink-receive,-6565049900701056292,2098518656581
sink-receive,5991037846692037662,2098633529450
sink-receive,-6668648373056175074,2098665541150
sink-receive,6738474190417954425,2098805429931
sink-receive,-6743650287434594695,2098807134911
sink-receive,6642406054158139968,2098979664704
sink-receive,6561563735876436515,2098989971113
sink-receive,-7557650798818099068,2099239167746
sink-receive,-7509570194717540321,2099299837922
sink-receive,3698803003269054495,2099301132131
sink-receive,-4446902700398869297,2099482617917
sink-receive,-1321340259048356657,2099482645200
sink-receive,8061335993170527439,2099487940812
sink-receive,3475703577073157327,2099488212474
sink-receive,-6300702841249987377,2099594934189
sink-receive,-6680451218063489846,2099649883646
sink-receive,-3640824647034862390,2099684331361
sink-receive,-1679116218830682934,2099698642948
sink-receive,7352430814669309130,2099774108883
sink-receive,8061137909278836130,2099834591639
sink-receive,-6565049900701056393,2099836087588
sink-receive,-2415388117193194889,2099884666904
sink-receive,-1866008572505094742,2099925886343
sink-receive,1028239651975988650,2099950149475
sink-receive,-4019379903408372872,2100066647001
sink-receive,-2865618513651825594,2100173579183
sink-receive,8589165195853562459,2100211503159
sink-receive,-6015610458399047077,2100218338112
sink-receive,-4045241890067446587,2100390922693
sink-receive,6673674610073927720,2100423819321
sink-receive,-4629366818237053737,2100489494269
sink-receive,3336820342063629527,2100536845685
sink-receive,-8450403495533608920,2100592657180
sink-receive,5991600066501017640,2100605064495
sink-receive,-2921132722594250712,2100611831456
sink-receive,-4343297287376599674,2102369162579
sink-receive,51874112489915782,2102398711425
sink-receive,-487531981265959546,2102577989630
sink-receive,-6032239467962563393,2102617890630
sink-receive,7574357869412222342,2102634889957
sink-receive,301257484406883281,2102705398590
sink-receive,122902245816665183,2102918237572
sink-receive,-8402289772940230572,2103103733336
sink-receive,-1033737785640484658,2103157355450
sink-receive,-2782360873266577324,2103161006411
sink-receive,-6162625410824667052,2103265142430
sink-receive,-882076047967780780,2103267475401
sink-receive,-7530617875225115850,2103277670922
sink-receive,-2865618513651826604,2103289934827
sink-receive,-7250467406299004844,2103302423144
sink-receive,-4629366818237054444,2103304872107
sink-receive,-3219418003732954604,2103305895462
sink-receive,-8912313703366393324,2103330383280
sink-receive,8800792815941452689,2103515004788
sink-receive,-4456623469815134800,2103797189913
sink-receive,-3743586219242552723,2104049930847
sink-receive,-1290542633411673241,2104060307556
sink-receive,-1094514940133243458,2104062429051
sink-receive,7698582436875077054,2104090164369
sink-receive,-6312310041907034522,2104126595279
sink-receive,-4993869152071448986,2104156088726
sink-receive,-8641912002748348826,2104249203781
sink-receive,7963674930850039398,2104296118326
sink-receive,7145839812535124030,2104326843376
sink-receive,-7407307079234353785,2104385167247
sink-receive,5352732511673779591,2104392154500
sink-receive,5388273774070072702,2105035797663
sink-receive,-2846843476434222362,2105265986305
sink-receive,4327407922721063654,2105273054131
sink-receive,5621240148894155980,2105318667710
sink-receive,-4091784530803817268,2105325677236
sink-receive,8698192760273896652,2105328041427
sink-receive,-8330977944138677809,2105552415593
sink-receive,301257484406883988,2105777475672
sink-receive,4327407922721063048,2105854513417
sink-receive,5884421270753248473,2105991370722
sink-receive,-4993181420433177383,2106030077929
sink-receive,8488185523972603920,2106204458154
sink-receive,-1390878545529535422,2106210303936
sink-receive,-4367235304780725652,2106215259441
sink-receive,7446735085170066379,2106291784095
sink-receive,7145839812535125040,2106615139395
sink-receive,6752127457660241344,2106743170724
sink-receive,-2380982792042314304,2106756467144
sink-receive,6505760668908520896,2106771680971
sink-receive,-3578533744203528768,2106776317823
sink-receive,-4282122036660141069,2107860507765
sink-receive,301257484406882776,2107892409163
sink-receive,3136025492784677336,2107896901466
sink-receive,-4525381871839739150,2107915765532
sink-receive,7450307235239952600,2107959127493
sink-receive,-4047591988797636392,2107962762757
sink-receive,-822399689298017086,2108344214185
sink-receive,894749560155407554,2108344636304
sink-receive,6779845346932556994,2108344780612
sink-receive,6389172450218738661,2108473179353
sink-receive,-7988000435908639311,2108484383287
sink-receive,-4627471758406974491,2108490533736
sink-receive,4373143324354151397,2108490731738
sink-receive,4930143639968941524,2108693817745
sink-receive,-3045698422129556012,2108695455164
sink-receive,8528390609751245595,2108783623013
sink-receive,-3587175501870922981,2108785231626
sink-receive,-1046552786935741596,2108968191637
sink-receive,6086699932448718899,2109015403404
sink-receive,-1285961157437292142,2109016906442
sink-receive,-7498889813643230830,2109028420576
sink-receive,-758724308053786579,2109158748416
sink-receive,8568948024582078509,2109181633529
sink-receive,369672495206237139,2109378480906
sink-receive,-7407307079234354391,2109483584390
sink-receive,-177083537428577495,2109486641037
sink-receive,284781779406028914,2109495748287
sink-receive,-3882843318270295950,2109499238394
sink-receive,-1086641900007456736,2109566165766
sink-receive,4991272560873177120,2109566191036
sink-receive,7795211860935966752,2109567923663
sink-receive,4046739592408203485,2109677712428
sink-receive,106710884830676211,2109824691653
sink-receive,9159973887159567514,2109847170388
sink-receive,1778270284797707418,2109847756364
sink-receive,-4243992652741082220,2109921175328
sink-receive,-6040646037515795886,2109927550712
sink-receive,8247749281897775698,2109951879807
sink-receive,-7779703610203439032,2110086497135
sink-receive,-9047134307335798338,2110182538538
sink-receive,9002566462497358637,2110413821290
sink-receive,7952664756416938797,2110414174984
sink-receive,-5033572027324170103,2110806024423
sink-receive,4283774211794665728,2111048281490
sink-receive,-5359367059325058816,2111050378637
sink-receive,233641595222622464,2111071048085
sink-receive,-3022670976446889846,2111080308179
sink-receive,-7264389632983301537,2111317762617
sink-receive,1246880103254721339,2111738914387
sink-receive,-628990057759374533,2111761723036
sink-receive,2777018994807276876,2111861608130
sink-receive,-5478067439851797160,2111909759432
sink-receive,-4127429662689196712,2111913593143
sink-receive,894749560155406443,2112000496323
sink-receive,284781779406029924,2112097450108
sink-receive,-7903420564071513300,2112328823643
sink-receive,8800792815941452588,2112373230542
sink-receive,-7779703610203438224,2112419940290
sink-receive,-6668648373056175478,2112575950050
sink-receive,6549244262137987115,2112611001235
sink-receive,-7545739823714140117,2112612589457
sink-receive,2457670541213958205,2112843316405
sink-receive,2908547283005997126,2113185455152
sink-receive,-4438137617040539578,2113201930179
sink-receive,7203078145904214624,2113273058530
sink-receive,-1866431300366237088,2113312922909
sink-receive,-1426436382204624288,2113362967655
sink-receive,-943432335850732082,2113663731637
sink-receive,-7779703610203437618,2113666867831
sink-receive,8067396806205507022,2113670201071
sink-receive,3680527195870069331,2113745110813
sink-receive,-1285961157437291738,2113752372980
sink-receive,2353062137363956307,2113753183518
sink-receive,-7498889813643230426,2113762543138
sink-receive,1640313293845300640,2113910457936
sink-receive,3883653185893566056,2114000492492
sink-receive,-6736593518728314411,2114026807424
sink-receive,6970737388901368277,2114036275961
sink-receive,3675411498978510269,2114059621905
sink-receive,-1693705840483105470,2114149477817
sink-receive,4533453962224862469,2114166385520
sink-receive,-2745295116523535861,2114360533946
sink-receive,2621362812995241327,2114486698778
sink-receive,1915350776004216175,2114493828046
sink-receive,-8415571134669388433,2114519998404
sink-receive,-1285961157437291940,2114524436491
sink-receive,-3774708608831323976,2114566996253
sink-receive,8465810767290040504,2114568434509
sink-receive,-8249866859688492872,2114574085094
sink-receive,8201622948046438584,2114577729889
sink-receive,6834850722509488312,2114590741544
sink-receive,7792708771175727288,2114592158427
sink-receive,350309867807835244,2114708738995
sink-receive,-1240599924765096852,2114752983098
sink-receive,-8696012892572482095,2114770248216
sink-receive,894749560155406948,2114841915922
sink-receive,3487779161093703113,2114877078778
sink-receive,-4127429662689198025,2114916311722
sink-receive,3675411498978508855,2114921755607
sink-receive,-6220655057558306761,2114921766427
sink-receive,106710884830674999,2114940174278
sink-receive,7352430814669309332,2114976241657
sink-receive,-5011208360247163810,2115011914568
sink-receive,-1735826412956285858,2115016025820
sink-receive,301257484406882372,2115059475375
sink-receive,8196246031243935804,2115147126867
sink-receive,-1285961157437291132,2115228322455
sink-receive,2813021506626388487,2115981046327
sink-receive,-3321615990332063225,2115981219305
sink-receive,-4256208055126982137,2116009794500
sink-receive,7352430814669308423,2116009810127
sink-receive,-6505505474836692396,2116102844355
sink-receive,7978879535984673364,2116105678271
sink-receive,-6779918631959526828,2116106651160
sink-receive,7067895596450840955,2116230212781
sink-receive,5988157907911311437,2116300622493
sink-receive,3217486093083476045,2116312259961
sink-receive,-5606643874337390515,2116314300517
sink-receive,-2883533625402326964,2116462057759
sink-receive,6642406054158140574,2116463841591
sink-receive,-1285961157437292243,2116533527758
sink-receive,-6114593442933766585,2116805527911
sink-receive,-7832746125596557074,2116828197113
sink-receive,8294087104233735516,2116840477598
sink-receive,-6225403027939917178,2116910687586
sink-receive,7473053626852704357,2117107923170
sink-receive,7574357869412221029,2117115029324
sink-receive,-320895140036082852,2117704794064
sink-receive,-1321984435423280292,2117705826330
sink-receive,3416766038677652316,2117712491240
sink-receive,-1311305785220791460,2117712522543
sink-receive,7719122344874083794,2117870353911
sink-receive,-5449712220382427579,2118721759934
sink-receive,1722531376051258309,2118936100971
sink-receive,5988157907911311538,2119046977547
sink-receive,-3194143998096703461,2119118280999
sink-receive,-4629366818237054949,2119124301054
sink-receive,-3573358016554073641,2119265462413
sink-receive,170998303209554391,2119269332191
sink-receive,-8565020002111978561,2119355372930
sink-receive,-1982406253560724545,2119356303518
sink-receive,2114545964713771087,2119368743568
sink-receive,-8933935573756804359,2119998426299
sink-receive,-2395924648257650578,2120277984201
sink-receive,8924282514499962209,2120440278249
sink-receive,6811394643385648481,2120471011850
sink-receive,-2269177118220877225,2121034108345
sink-receive,8227560676453778464,2121194576675
sink-receive,-5646403503287958496,2121206292908
sink-receive,8247749281897776405,2121245622530
sink-receive,-4803043123749977413,2121427657862
sink-receive,134307239413416893,2121453057234
sink-receive,6489541467944519062,2121773384200
sink-receive,5621240148894156182,2121775436623
sink-receive,-4091784530803817066,2121776673468
sink-receive,8698192760273896854,2121778318173
sink-receive,-4027105020565520078,2121876778182
sink-receive,8030075679296980307,2122368153855
sink-receive,-4456623469815134901,2122629989053
sink-receive,3883653185893565551,2122640733411
sink-receive,-4446902700398869398,2122710038057
sink-receive,-3858359779890035058,2122716790705
sink-receive,2951468853994981006,2122721355079
sink-receive,2212848823997300980,2122840010719
sink-receive,-7927026640633199424,2123190899727
sink-receive,2634743397058872509,2123329974667
sink-receive,-7407307079234353987,2123335538916
sink-receive,5352732511673779389,2123336324654
sink-receive,812876647291160140,2123341367562
sink-receive,-4185470025366240971,2123374387317
sink-receive,894749560155406645,2123375095881
sink-receive,37250517646180729,2123400968470
sink-receive,-1109339539446430613,2123651414262
sink-receive,37250517646181840,2124303809806
sink-receive,-7225517812427520560,2124309811577
sink-receive,-612125675398101552,2124312324228
sink-receive,-7484268486542228016,2124320542581
sink-receive,-6040646037515796189,2124471468065
sink-receive,-6973236153629540061,2124472966678
sink-receive,8247749281897775395,2124477559158
sink-receive,463884801867252941,2124619588776
sink-receive,-5359367059325057705,2124717104516
sink-receive,5840545027318612696,2124765577200
sink-receive,350309867807834840,2124771747901
sink-receive,4700740859639890648,2124776008719
sink-receive,4934208418492711640,2124795369050
sink-receive,7003872851136611032,2124817062165
sink-receive,-2305800952893930400,2124928658318
sink-receive,-3814498031970024263,2125054614326
sink-receive,-81707466429037383,2125063277268
sink-receive,3582457042209604792,2125078503085
sink-receive,-8912313703366392516,2125695769530
sink-receive,-2493078487825382084,2125696023807
sink-receive,-1698723917062995939,2125864681704
sink-receive,5884421270753247261,2125871113861
sink-receive,-4993869152071450400,2126050058658
sink-receive,7574357869412222140,2126281846273
sink-receive,8721533025604601020,2126283943231
sink-receive,-5073966959247228887,2126345881952
sink-receive,8497122556346630185,2126347617425
sink-receive,-5918266059722324575,2126511037914
sink-receive,3604037955791880290,2126628448980
sink-receive,6591114876104474775,2127057174639
sink-receive,-4243992652741081917,2127164597605
sink-receive,-4534414011969567753,2127370033607
sink-receive,-5238441451947293705,2127381487823
sink-receive,3463712771412066313,2127591912474
sink-receive,2638495209905717257,2127595405349
sink-receive,7349847834222395401,2127596992719
sink-receive,-3473367355382300663,2127606969485
sink-receive,2195120186841890825,2127612712612
sink-receive,1193422281703948297,2127623170129
sink-receive,-4400620532249133047,2127634678185
sink-receive,8900817557678718985,2127720177715
sink-receive,-4045241890067447799,2127720231563
sink-receive,1481928897267236873,2127726875388
sink-receive,8227560676453778161,2127739598882
sink-receive,5884421270753247766,2127796796395
sink-receive,-5726092446757027306,2127797829833
sink-receive,-1698723917062995434,2127805152612
sink-receive,8307390292986692806,2127868977179
sink-receive,1889061268300498118,2127874890418
sink-receive,6041265917260726319,2127883552465
sink-receive,7549143520871711964,2128138359900
sink-receive,7795211860935967964,2128148261979
sink-receive,8934151047971079388,2128156862639
sink-receive,-8793470742810328704,2128523307863
sink-receive,7169357923871621504,2128526638923
sink-receive,-9165756832990362223,2128668874828
sink-receive,-7748091688832203853,2128722394478
sink-receive,7577173246244554141,2128775291313
sink-receive,2690199495093780758,2128841631317
sink-receive,6978069250262958091,2129458441853
sink-receive,-5111736141439041525,2129460032202
sink-receive,-9165756832990363637,2129461607984
sink-receive,8503593186571059211,2129464854936
sink-receive,-1109339539446431724,2129516121792
sink-receive,6673674610073929033,2129680226490
sink-receive,4943485148420113737,2129682534430
sink-receive,3865618626807596361,2129684107739
sink-receive,-3282631001683000845,2129773076490
sink-receive,8247749281897776203,2130055843913
sink-receive,4945628792367351238,2130087813938
sink-receive,-321936317418043962,2130088013920
sink-receive,6811394643385648582,2130099956979
sink-receive,-1086641900007456231,2130286148186
sink-receive,7795211860935967257,2130287966170
sink-receive,8388788560425124377,2130313064920
sink-receive,-8565020002111979268,2130324648815
sink-receive,2078385608551563801,2130330100072
sink-receive,8934151047971078681,2130335850079
sink-receive,-4365752720724852199,2130351230036
sink-receive,2331271418924237337,2130352037652
sink-receive,-7748091688832203449,2130412958097
sink-receive,-2875115343473277572,2130581841700
sink-receive,7978879535984674172,2130583497156
sink-receive,5866961764838539838,2130853848492
sink-receive,-5883494455465475522,2130855288701
sink-receive,9103717164271010366,2130855348991
sink-receive,-4097843088980966801,2131045409429
sink-receive,-6618006254755248815,2131228143681
sink-receive,-1549602124264897460,2131307201982
sink-receive,-4446902700398869802,2131457126967
sink-receive,4046739592408203990,2131466433839
sink-receive,5533297321959228118,2131467919862
sink-receive,1948180728625758934,2131470981307
sink-receive,-4387333793220919173,2131613277638
sink-receive,-7225517812427521065,2131700451171
sink-receive,8742301193935520727,2131705760607
sink-receive,2247966658452784087,2131705847904
sink-receive,-6784739788583861845,2131796750389
sink-receive,9159973887159567716,2132287169258
sink-receive,-5366239921826691740,2132295868815
sink-receive,-4993869152071449491,2132476396264
sink-receive,-4672853907569901219,2132651275337
sink-receive,8614956727869113426,2132981498541
sink-receive,-907120135414742890,2133386924113
sink-receive,-9067972036957044542,2133390981693
sink-receive,984524143397437634,2133399254885
sink-receive,-4446902700398869095,2133836583887
sink-receive,-7344997811122862759,2134032380409
sink-receive,-4951003377002609319,2134036781020
sink-receive,-2480911034454375079,2134041910430
sink-receive,1728492107758306649,2134041916711
sink-receive,-3169453846019701415,2134042250764
sink-receive,2328050360955962713,2134050874398
sink-receive,-3573358016554073742,2134288602405
sink-receive,3487779161093702002,2134289277320
sink-receive,7052040784807199090,2134311995606
sink-receive,3883653185893565450,2134863291664
sink-receive,8800792815941451881,2134946027790
sink-receive,9159973887159567110,2135124079934
sink-receive,-5738397626844314874,2135127333473
sink-receive,-2762373160622882042,2135137638388
sink-receive,5832596936934295132,2135176823808
sink-receive,6642406054158139766,2135225457243
sink-receive,-8978426414126595794,2135589438661
sink-receive,-6565049900701055383,2136030673800
sink-receive,2983763189834974280,2136202402115
sink-receive,3333406671991997512,2136206530108
sink-receive,7178043485910467656,2136206810681
sink-receive,3625786613616870472,2136207823131
sink-receive,3404484682773955598,2136398246151
sink-receive,-1061784308630420466,2136402383131
sink-receive,1753997401678414575,2136411510751
sink-receive,-5196069044066712562,2136432115478
sink-receive,-4636514172098575686,2136494515488
sink-receive,5060451538980307642,2136495349359
sink-receive,-3169940964030545229,2136696655067
sink-receive,-2957358409503997447,2136697738641
sink-receive,8568948024582079519,2136756536330
sink-receive,7311740736888636447,2136767413074
sink-receive,-5410288466464340597,2137970347309
sink-receive,-2272652734605818485,2137972846746
sink-receive,6591114876104475684,2137993800276
sink-receive,-1982406253560724444,2138003695048
sink-receive,-6784739788583861441,2138022064798
sink-receive,-4407590787429170369,2138027030630
sink-receive,-3343710440269019701,2138060723764
sink-receive,-5883494455465474613,2138062810770
sink-receive,-1799466163151830206,2138080137451
sink-receive,-1476837097573711234,2138180002055
sink-receive,8934151047971078782,2138199578781
sink-receive,-145143437606256002,2138202925693
sink-receive,4858786696830910567,2138339914540
sink-receive,-3411804428032801910,2138451223397
sink-receive,-6561933962057350034,2138643690704
sink-receive,-5832487630016609170,2138649312114
sink-receive,5352472094921720942,2138685657068
sink-receive,6929047240870724718,2138688125433
sink-receive,-3747835260453256082,2138700307724
sink-receive,-4038966474696555520,2139061194456
sink-receive,-7668664124187868217,2139077359232
sink-receive,4523972740314563584,2139083756438
sink-receive,7352430814669308928,2139160067240
sink-receive,2288273380337517680,2139249355570
sink-receive,5988157907911311942,2139882403282
sink-receive,1934260404611973737,2140677412246
sink-receive,-9165756832990363031,2140679003410
sink-receive,-2028717386969906583,2140687974546
sink-receive,7203078145904215129,2140752322188
sink-receive,-1693705840483106076,2140799217778
sink-receive,-2260816908544638236,2140801261367
sink-receive,2927694887161692729,2141379419165
sink-receive,5041535364842390073,2141380082291
sink-receive,4968470098462377043,2141519297842
sink-receive,5572213719980574295,2141671377828
sink-receive,-1735826412956285353,2141671677507
sink-receive,-3194143998096702855,2141701848638
sink-receive,-8912313703366393223,2141705290979
sink-receive,-4629366818237054343,2141713599096
sink-receive,5988157907911312750,2141791057867
sink-receive,3217486093083477358,2141791218617
sink-receive,-6505505474836691689,2141938394924
sink-receive,7978879535984674071,2141941299312
sink-receive,2983763189834974179,2142024877045
sink-receive,-3411804428032801405,2142192484410
sink-receive,2442020182898509187,2142195247289
sink-receive,8227560676453777656,2142321536227
sink-receive,2983763189834973270,2142454747629
sink-receive,3625786613616869462,2142461682434
sink-receive,-3821896272051175338,2142462655273
sink-receive,-8978426414126595289,2142476004673
sink-receive,-7739324290486500569,2142478316570
sink-receive,-1777253902261943513,2142486453870
sink-receive,8227560676453778969,2142626657389
sink-receive,-61861985922317253,2143117424420
sink-receive,4322774859894490159,2143583428350
sink-receive,-2901294809819905498,2144441764925
sink-receive,-6846099018519411292,2144520105427
sink-receive,1934260404611974040,2144593189388
sink-receive,-9165756832990362728,2144595486098
sink-receive,8503593186571060120,2144598390945
sink-receive,-6505505474836692295,2144729220073
sink-receive,7145839812535124838,2144795226027
sink-receive,-8079737827794877042,2145105282303
sink-receive,284887006104782222,2145107041350
sink-receive,6766660235420501390,2145111228409
sink-receive,-4692625888301283954,2145111920006
sink-receive,-1164466144770259570,2145111931864
sink-receive,5875842090759357838,2145113030708
sink-receive,3754308025276433683,2145264584841
sink-receive,6389172450218738560,2145428513154
sink-receive,-8448716552638823555,2145598108135
sink-receive,-5238441451947294109,2145705010656
sink-receive,6413434737653711459,2145705978343
sink-receive,5988157907911312346,2145733218019
sink-receive,-5606643874337389606,2145739905438
sink-receive,-5410288466464340900,2145835186183
sink-receive,-4534414011969567652,2145835438235
sink-receive,7381129880630461532,2145837402249
sink-receive,-2085676680608743202,2145873915253
sink-receive,301257484406883786,2145940418214
sink-receive,3263223311487730421,2146156852358
sink-receive,6591114876104475381,2146160136824
sink-receive,196815742467834613,2146161351772
sink-receive,2059324913059103812,2146259013087
sink-receive,8173832405107343393,2146451584334
sink-receive,-1693705840483106783,2146451640545
sink-receive,5941164235479318561,2146457368942
sink-receive,1211617086019731489,2146487581574
sink-receive,-3053893198255487563,2146841073806
sink-receive,-2437445265339185739,2146848644710
sink-receive,-7687145531671312971,2146882099844
sink-receive,-8078301144054495819,2146890513698
sink-receive,-3219609954411346864,2146940623585
sink-receive,-4607981639199358664,2146948394531
sink-receive,8900817557678719288,2146956740296
sink-receive,-4045241890067447496,2146956761260
sink-receive,2900561852176008480,2146964357053
sink-receive,1818952283744895862,2147104910960
sink-receive,3276126909368370746,2147191358044
sink-receive,-9035064392672083503,2147205963431
sink-receive,301257484406882473,2147228380400
sink-receive,37250517646180426,2147481966753
sink-receive,-7225517812427521974,2147486019459
sink-receive,-8552305477281644508,2147497057559
sink-receive,-5033572027324169497,2147573401099
sink-receive,-8840062934584392985,2147575010166
sink-receive,7376300494848787175,2147581726330
sink-receive,-5434225745134091542,2147592109809
sink-receive,-9183511647971441239,2147669691547
sink-receive,4327407922721064361,2147680638290
sink-receive,-2782360873266576011,2147780133139
sink-receive,-8402289772940229259,2147782394154
sink-receive,4942582578222728565,2147787336738
sink-receive,7153040763293532894,2147810720506
sink-receive,6172684821232353634,2147810919593
sink-receive,6673674610073929336,2147843601881
sink-receive,-7692443687363541438,2147875912002
sink-receive,4454216217955141079,2148062682339
sink-receive,-1974226638669348820,2148104516078
sink-receive,-6668648373056176084,2148114646282
sink-receive,-7692715614627954644,2148118692491
sink-receive,-3169403882665148372,2148126074673
sink-receive,-4968814954271471978,2148285663797
sink-receive,6119158056866547350,2148286352798
sink-receive,2908547283005998742,2148288980033
sink-receive,-7257938944292026730,2148294602615
sink-receive,22880467606831455,2148423170853
sink-receive,2175266228069729000,2148538858989
sink-receive,-7051339146064821528,2148545251195
sink-receive,7328876350729617457,2148911022177
sink-receive,284781779406029520,2149008581422
sink-receive,-7135873147651226915,2149331977458
sink-receive,5041535364842391184,2149702259071
sink-receive,-1530904370688817768,2149761295587
sink-receive,2383954406899975579,2149965412144
sink-receive,-1765780687404661349,2149966672083
sink-receive,-1240599924765096549,2149973221035
sink-receive,-8685547109539117668,2150008454972
sink-receive,1112442180871390620,2150013377183
sink-receive,-321936317418044467,2150437858096
sink-receive,-9177898353348836403,2150455276201
sink-receive,8755846206527111431,2151629941752
sink-receive,-912623968500841960,2151744552907
sink-receive,-2115228593930894824,2151746334006
sink-receive,-5161255903181142698,2151881863012
sink-receive,8307390292986692705,2151936991139
sink-receive,-5678806209742764959,2151954105685
sink-receive,8227560676453778767,2152194440504
sink-receive,1141812326882608463,2152195409471
sink-receive,-4153967651430858037,2152215412350
sink-receive,6834850722509488716,2152216643413
sink-receive,8465810767290040908,2152217386487
sink-receive,2237850910959075393,2152278642082
sink-receive,6970737388901367873,2152280038278
sink-receive,3680892392644280385,2152280256391
sink-receive,4310463825766776897,2152283416679
sink-receive,2862935202768879681,2152289364069
sink-receive,-9017777819320582079,2152289906800
sink-receive,-4660008373352136639,2152304098677
sink-receive,-1285961157437292445,2152426029974
sink-receive,5872810818805956707,2152445829918
sink-receive,-7498889813643231133,2152446043329
sink-receive,7211298756258431746,2152446649663
sink-receive,-2633991343990374379,2152522784624
sink-receive,-6904153520228794347,2152528450697
sink-receive,-758724308053785266,2153404794025
sink-receive,-3169940964030545835,2153439387947
sink-receive,-3321615990332063427,2153573833785
sink-receive,6970737388901368681,2153662519913
sink-receive,463884801867252234,2154056858217
sink-receive,7144971434572382730,2154065436320
sink-receive,-1754208383356894174,2154302762185
sink-receive,-7704607605976464350,2154315893853
sink-receive,134307239413416994,2154320525470
sink-receive,5866961764838539535,2154601512451
sink-receive,-1767116207485353713,2154604032403
sink-receive,1894330183855375781,2154644732611
sink-receive,4771794797130154014,2154726977057
sink-receive,8247749281897776506,2154744807459
sink-receive,-4672853907569901118,2154784672550
sink-receive,284781779406029722,2155374402964
sink-receive,-8841248122219789414,2155379621060
sink-receive,6642406054158139463,2155629614922
sink-receive,2634743397058872206,2155699687019
sink-receive,-7407307079234354290,2155707802476
sink-receive,6369706730720329811,2155830381635
sink-receive,1852275045208948819,2155831665423
sink-receive,8201622948046438483,2155848864144
sink-receive,902975616528155226,2155858063789
sink-receive,-1235842587059813798,2155858193019
sink-receive,5460646253635306074,2155860765077
sink-receive,7792708771175727187,2155870980792
sink-receive,4471360035183657859,2155926665381
sink-receive,2983763189834973876,2156093918458
sink-receive,3625786613616870068,2156098298959
sink-receive,3856157552588883386,2156126055362
sink-receive,-4993869152071449390,2156339455418
sink-receive,6359787392081069266,2156340781768
sink-receive,-2782360873266576617,2156634020774
sink-receive,-5097726241587329605,2157204936820
sink-receive,-6040646037515795987,2157244574435
sink-receive,8247749281897775597,2157251144195
sink-receive,6819655828295909869,2157254500214
sink-receive,-9165756832990362526,2157291674232
sink-receive,6978069250262959202,2157299865601
sink-receive,6863928243808896098,2157311723157
sink-receive,5231158420068893794,2157316938455
sink-receive,3625786613616870169,2157475812867
sink-receive,316124303248590296,2157883741594
sink-receive,2189534203916321626,2157994003687
sink-receive,6591114876104475482,2158003062583
sink-receive,-9165756832990363132,2158134700232
sink-receive,-5896808407406476466,2158250742644
sink-receive,-2342047384495716726,2158439134674
sink-receive,-7668664124187867510,2158444093802
sink-receive,-9101989105654298998,2158450786202
sink-receive,7145839812535124333,2158585800439
sink-receive,-7528910630019923761,2158888315627
sink-receive,3968390829059342543,2158893622196
sink-receive,-5410288466464341809,2158897563100
sink-receive,7952664756416938191,2158901297706
sink-receive,4105333035203822209,2159193374132
sink-receive,-3391730528280378751,2159193529365
sink-receive,4327407922721063553,2159199121190
sink-receive,-883622072985582860,2159392018895
sink-receive,6922783121263821556,2159395184244
sink-receive,3217486093083476752,2159460191849
sink-receive,8479826456757667072,2159532381246
sink-receive,-7748091688832203348,2159549625440
sink-receive,-9165756832990362324,2159629287323
sink-receive,-4456623469815136113,2159733743003
sink-receive,-9047134307335798641,2159734126942
sink-receive,2420982088757936135,2159890996212
sink-receive,-7692443687363542044,2160007685742
sink-receive,-1476837097573710426,2160182296659
sink-receive,7798846640218965610,2160416774992
sink-receive,-6359780356924636076,2160776723400
sink-receive,3604037955791881300,2160783711193
sink-receive,-3411804428032801708,2160789490471
sink-receive,6300961278022124628,2160789708419
sink-receive,-4963929377432665503,2160840494200
sink-receive,-497760591910272415,2160840938497
sink-receive,-1693705840483105571,2160909564169
sink-receive,-4387665489250220870,2161190398831
sink-receive,-1285961157437291334,2161190679505
sink-receive,-7498889813643230022,2161191927811
sink-receive,5988157907911312447,2161227439672
sink-receive,284781779406030227,2161247976180
sink-receive,7332454616832933916,2161357311033
sink-receive,-5901381980641034017,2161753556475
sink-receive,-1240599924765097761,2161758276539
sink-receive,8196246031243936814,2162274974615
sink-receive,-1267628652175031250,2162275720621
sink-receive,1561409418858332352,2162293199895
sink-receive,4471360035183657152,2162293916393
sink-receive,7978879535984673970,2162446800668
sink-receive,-5449712220382428488,2162468278397
sink-receive,-2168996589429849887,2162658119558
sink-receive,284781779406030025,2162745013125
sink-receive,-1574189592263785271,2162748607203
sink-receive,-8565020002111979470,2163145090725
sink-receive,-3458065400518934478,2163162012577
sink-receive,8227560676453778262,2163574145864
sink-receive,-5359367059325057604,2163617573113
sink-receive,5884421270753248574,2163869235811
sink-receive,-6155443684339875736,2163938133313
sink-receive,-5836626741539372952,2163943298642
sink-receive,-9165756832990362425,2164038975967
sink-receive,-8667422394794637996,2164074398580
sink-receive,-3219609954411347773,2164365533024
sink-receive,6834850722509489221,2164728896148
sink-receive,2983763189834974482,2164929163297
sink-receive,7178043485910467858,2164937363435
sink-receive,2139001147719942263,2164983570781
sink-receive,6642406054158140877,2165017427314
sink-receive,28970619563410510,2165241260767
sink-receive,-7779703610203438022,2165597577725
sink-receive,-943432335850732486,2165597594178
sink-receive,-5238441451947293503,2166055092979
sink-receive,-6736593518728313502,2166215178591
sink-receive,-3858359779890036472,2166242576572
sink-receive,8134144832823099656,2166250110955
sink-receive,-3282631001683000744,2166468223317
sink-receive,5884421270753247867,2166639454605
sink-receive,-9165756832990362829,2166852570394
sink-receive,-497760591910272011,2166961168100
sink-receive,3789521401279414307,2167005834350
sink-receive,7547239372890832931,2167011291626
sink-receive,4327407922721062947,2167026443784
sink-receive,6397218263993942330,2167050633057
sink-receive,-9165756832990363334,2167051415937
sink-receive,8503593186571059514,2167054636373
sink-receive,4477340648294318115,2167066860265
sink-receive,6819655828295910576,2167098581463
sink-receive,8247749281897776304,2167100250310
sink-receive,37250517646181436,2167132440112
sink-receive,-7225517812427520964,2167143596728
sink-receive,284781779406029823,2167175866358
sink-receive,-5359367059325058614,2167253880739
sink-receive,-7763837245097769421,2167399591499
sink-receive,-7779703610203437517,2167400469773
sink-receive,-5273858611263568700,2167439585075
sink-receive,5060451538980307137,2167540192357
sink-receive,5060451538980308147,2167730086220
sink-receive,-3219609954411346965,2167751873831
sink-receive,6333997578052436971,2167752319455
flatmap-receive,1673,2096513591965
flatmap-receive,935,2096622833018
flatmap-receive,630,2097739627181
flatmap-receive,1491,2097797055850
flatmap-receive,605,2099640524976
flatmap-receive,603,2100146093559
flatmap-receive,1484,2100794413303
flatmap-receive,1683,2101208545726
flatmap-receive,648,2101641644194
flatmap-receive,1583,2101799758792
flatmap-receive,532,2103276539023
flatmap-receive,1596,2103670531782
flatmap-receive,1610,2105911392635
flatmap-receive,1420,2106297873944
flatmap-receive,795,2108767581405
flatmap-receive,979,2109349402358
flatmap-receive,594,2109908802448
flatmap-receive,106,2110010769165
flatmap-receive,109,2110306872553
flatmap-receive,780,2110484319525
flatmap-receive,347,2110732378444
flatmap-receive,137,2110802917681
flatmap-receive,1338,2111084229131
flatmap-receive,1625,2111228231141
flatmap-receive,989,2112270533557
flatmap-receive,1666,2112352321421
flatmap-receive,475,2113638216232
flatmap-receive,523,2114352692284
flatmap-receive,1481,2114850323240
flatmap-receive,1204,2114879185140
flatmap-receive,1286,2115827840424
flatmap-receive,1627,2115916942621
flatmap-receive,507,2116517484558
flatmap-receive,708,2117557930137
flatmap-receive,1348,2118227598510
flatmap-receive,1333,2118462247639
flatmap-receive,434,2118489547050
flatmap-receive,110,2120201268977
flatmap-receive,1377,2120413127232
flatmap-receive,699,2121423223989
flatmap-receive,1603,2122588952870
flatmap-receive,1130,2122691810614
flatmap-receive,1622,2124738270456
flatmap-receive,782,2125467998818
flatmap-receive,1441,2126472859067
flatmap-receive,1112,2129162773531
flatmap-receive,1069,2129532244824
flatmap-receive,1275,2129939418027
flatmap-receive,537,2130254171641
flatmap-receive,1494,2130360127639
flatmap-receive,1258,2130778209206
flatmap-receive,274,2132693232471
flatmap-receive,837,2132881195416
flatmap-receive,587,2132941201948
flatmap-receive,969,2133022215846
flatmap-receive,825,2133176340007
flatmap-receive,1284,2133284855512
flatmap-receive,194,2133364424025
flatmap-receive,397,2133513325161
flatmap-receive,1279,2134220042587
flatmap-receive,852,2136996791241
flatmap-receive,1288,2137539310307
flatmap-receive,794,2137872215566
flatmap-receive,703,2138286488235
flatmap-receive,1134,2138609567233
flatmap-receive,529,2138756439312
flatmap-receive,459,2138762397155
flatmap-receive,81,2139044960240
flatmap-receive,569,2141367716545
flatmap-receive,1107,2141497319631
flatmap-receive,439,2142533085213
flatmap-receive,550,2144381930631
flatmap-receive,1444,2144507988527
flatmap-receive,920,2144573270028
flatmap-receive,870,2144793363614
flatmap-receive,1092,2146254882188
flatmap-receive,1461,2146815770502
flatmap-receive,1104,2146909324513
flatmap-receive,743,2147553753613
flatmap-receive,1495,2148045930607
flatmap-receive,351,2148421764633
flatmap-receive,720,2149007027660
flatmap-receive,218,2149523675508
flatmap-receive,1451,2149525986222
flatmap-receive,1436,2149999071543
flatmap-receive,1386,2151061023973
flatmap-receive,234,2151612175419
flatmap-receive,770,2152433906594
flatmap-receive,693,2152933095749
flatmap-receive,1269,2153146058384
flatmap-receive,1058,2154292020470
flatmap-receive,271,2154594041593
flatmap-receive,30,2154711264560
flatmap-receive,1341,2156113157174
flatmap-receive,791,2156614584106
flatmap-receive,1496,2157876406360
flatmap-receive,584,2158323715726
flatmap-receive,87,2158486480972
flatmap-receive,217,2158665466653
flatmap-receive,756,2159383005934
flatmap-receive,1108,2160762538862
flatmap-receive,1427,2161242030006
flatmap-receive,500,2162073475201
flatmap-receive,1202,2162438397329
flatmap-receive,1027,2162639095790
flatmap-receive,941,2164162859862
flatmap-receive,195,2164349790911
flatmap-receive,1485,2164966432281
flatmap-receive,1057,2165114559554
flatmap-receive,1378,2166206931842
flatmap-receive,1028,2166701475588
flatmap-receive,458,2167248987893
flatmap-receive,1203,2167721798370
flatmap-send,2226903344264250279,2096729729395
flatmap-send,7777913588093551527,2096837465337
flatmap-send,2458439228690793383,2096865125247
flatmap-send,-6663477026273360985,2096876194309
flatmap-send,768421914711425959,2096916475396
flatmap-send,-359345834753522777,2096920607647
flatmap-send,2616699019677664167,2096930781506
flatmap-send,-2296709005344504921,2096934273186
flatmap-send,5838468217357468583,2096954732449
flatmap-send,-9142119403167415385,2096959534436
flatmap-send,-1785184439114923097,2096965429768
flatmap-send,8435954336491635623,2096990484241
flatmap-send,-5580205026325822553,2097009938477
flatmap-send,-445030539682905177,2097013711937
flatmap-send,4249912178531894183,2097059976541
flatmap-send,5766376375250322343,2097078362135
flatmap-send,-8866091673348734041,2097087901664
flatmap-send,3819096292676600743,2097088714180
flatmap-send,-9149518575256468874,2097761712356
flatmap-send,3883653185893565046,2097764145668
flatmap-send,283105320526414454,2097766679562
flatmap-send,2411469578010886774,2097778000706
flatmap-send,5988157907911312851,2097820314381
flatmap-send,-8030189500225288749,2097824909891
flatmap-send,-6961518928795269677,2097825223559
flatmap-send,-1478421811656915501,2097826132412
flatmap-send,-6765543118721776173,2097834312417
flatmap-send,-6612512686640986669,2097838387778
flatmap-send,-7769047766277290541,2097845836401
flatmap-send,-3512772129839905325,2097849805628
flatmap-send,4415742390543844819,2097852004693
flatmap-send,-2423460448096483885,2097858025867
flatmap-send,3217486093083477459,2097865854684
flatmap-send,5844354659015198163,2097867210089
flatmap-send,-2755219132382181933,2097868762964
flatmap-send,-9113382983875689005,2097888951297
flatmap-send,-5606643874337389101,2097889574205
flatmap-send,2817305526050751067,2100178351392
flatmap-send,5482292235972117083,2100178387232
flatmap-send,4674613306562970203,2100189242896
flatmap-send,-2970807017259662757,2100189829007
flatmap-send,2943028770811937371,2100191239919
flatmap-send,-188277940188872101,2100200702320
flatmap-send,8589165195853562459,2100211453407
flatmap-send,-4748690574612102565,2100213229641
flatmap-send,-6015610458399047077,2100218211751
flatmap-send,2905848664859608524,2100820509006
flatmap-send,-7593262962534513204,2100820855935
flatmap-send,-5728240630484695604,2100826685560
flatmap-send,-2958274594747710004,2100833298324
flatmap-send,-8653305850904967732,2100834627686
flatmap-send,-680020557067975220,2100835324641
flatmap-send,5903480295503431116,2100839122350
flatmap-send,363699419763181203,2101229184684
flatmap-send,206078170154141331,2101231064570
flatmap-send,4061160688133867155,2101231479712
flatmap-send,-361361712013637997,2101235052252
flatmap-send,4984082021115496083,2101235337103
flatmap-send,3082297577920530067,2101236360082
flatmap-send,8351516735446189715,2101237766462
flatmap-send,-3667555449743341933,2101249037281
flatmap-send,-3092693013684551032,2101660776452
flatmap-send,-8773314143462620536,2101662051601
flatmap-send,52717132965741192,2101662247736
flatmap-send,-4547788265251405176,2101668558795
flatmap-send,-8875946656198032760,2101674734033
flatmap-send,-5358134579804765560,2101678283166
flatmap-send,-1956391280166567288,2101684818624
flatmap-send,6429999318412822063,2101802166977
flatmap-send,-8660835547050147308,2103297990978
flatmap-send,-8367339459389160940,2103300563253
flatmap-send,3072827295291933204,2103304242211
flatmap-send,-4629366818237054444,2103304748376
flatmap-send,-3219418003732954604,2103305758261
flatmap-send,-7473562421563489772,2103311767107
flatmap-send,-647513014756441580,2103312892647
flatmap-send,-5168179918743272940,2103312901579
flatmap-send,736630399282709012,2103313765057
flatmap-send,5293249091524887060,2103322553287
flatmap-send,-7161146942834081260,2103326127539
flatmap-send,-8912313703366393324,2103330323514
flatmap-send,-625375756880444908,2103331460598
flatmap-send,-2253926526871402934,2105911835698
flatmap-send,-2802080635785575653,2108777786639
flatmap-send,7333015556741661467,2108777798121
flatmap-send,3995484273036493595,2108778295310
flatmap-send,8528390609751245595,2108781324103
flatmap-send,7673816195157459739,2108782964682
flatmap-send,-7315809041580555493,2108784930952
flatmap-send,-3587175501870922981,2108784947739
flatmap-send,3009449718490071835,2108786141138
flatmap-send,7070716148718765011,2109364725846
flatmap-send,-1045432801198865453,2109365520268
flatmap-send,-7889018237352934445,2109375186247
flatmap-send,369672495206237139,2109378467453
flatmap-send,-8668141093147114541,2109379088351
flatmap-send,2125597177559384658,2109926779544
flatmap-send,-6040646037515795886,2109927442905
flatmap-send,2482940896128008786,2109927740270
flatmap-send,334771878721749586,2109929396693
flatmap-send,8545591962361659986,2109932759654
flatmap-send,-7569116287029214638,2109938584289
flatmap-send,8517756850546934354,2109939612319
flatmap-send,2446717554270405202,2109951659737
flatmap-send,8247749281897775698,2109951839596
flatmap-send,7057621914419724394,2110011549313
flatmap-send,2741615527846740077,2110323945980
flatmap-send,6433556363082727533,2110329449794
flatmap-send,2915752962523398253,2110330319708
flatmap-send,4873309136604889197,2110332082661
flatmap-send,4883448149936439405,2110332593512
flatmap-send,4671090196429668461,2110333514943
flatmap-send,-1310815518998920436,2110489903709
flatmap-send,3480648454525420300,2110491512522
flatmap-send,-6010705197725121780,2110499679684
flatmap-send,4623449689037996812,2110500603737
flatmap-send,-7853055406736669940,2110501108880
flatmap-send,-290815538442010277,2110732620274
flatmap-send,6540209459128435035,2110732642854
flatmap-send,-5033572027324170103,2110804089528
flatmap-send,-3838609222455524038,2111084847107
flatmap-send,7319864482845427002,2111088686821
flatmap-send,-1854340486391658919,2111231442034
flatmap-send,-2562814531780738083,2112276326901
flatmap-send,1843333966975730653,2112280127873
flatmap-send,-5117901416668593187,2112283837747
flatmap-send,-5070172424360687998,2112354130577
flatmap-send,370499431029540482,2112354405425
flatmap-send,846088693088257666,2112354579036
flatmap-send,-6970493606557646373,2113648288800
flatmap-send,3831216359673430491,2113651223993
flatmap-send,6016266780941484507,2113651330051
flatmap-send,7866711109225415131,2113651849492
flatmap-send,-3622710957471432229,2113654049946
flatmap-send,-7124936030611832357,2113655516044
flatmap-send,-2243959140433002021,2113657002443
flatmap-send,6948093857460388315,2113657319966
flatmap-send,7231916514834645515,2114354445422
flatmap-send,-2745295116523535861,2114359710498
flatmap-send,-1125610284312951351,2114859592042
flatmap-send,-2200142682943126071,2114861706558
flatmap-send,363699419763181001,2114873633381
flatmap-send,-7782061452759661111,2114873840181
flatmap-send,-4026783993234979383,2114873920798
flatmap-send,-320329355404245559,2114876630308
flatmap-send,5408889891968779721,2114876943635
flatmap-send,3487779161093703113,2114877067118
flatmap-send,-2226862516305132087,2114877244466
flatmap-send,6490068151194092806,2115829176731
flatmap-send,-3252717241661127418,2115829182168
flatmap-send,-8867716068634787333,2116518103993
flatmap-send,-3373432541670276412,2117558357435
flatmap-send,-1989341616426450236,2117558364651
flatmap-send,8056107832560321860,2118229294584
flatmap-send,-8683679936931691196,2118230092673
flatmap-send,-8624365983307397835,2118463663369
flatmap-send,-8720893745492392651,2118463680074
flatmap-send,6034844022030206261,2118463781367
flatmap-send,-8526005017411320523,2118463785310
flatmap-send,5751997954319713589,2118464502691
flatmap-send,-4488891357246520011,2118464731832
flatmap-send,-838568931202431691,2118464828841
flatmap-send,-3527072790387620555,2118464948567
flatmap-send,-9168962106953826194,2120225819630
flatmap-send,-8341318348486737810,2120227169971
flatmap-send,6327835463918813294,2120230304009
flatmap-send,3009658664354054254,2120230963043
flatmap-send,1413499124665286766,2120231152533
flatmap-send,-4196969645682458514,2120233943478
flatmap-send,-2482276958608555922,2120235012578
flatmap-send,3229345962371580014,2120235249522
flatmap-send,-6253407769487998866,2120255554758
flatmap-send,5499837731427057774,2120255585556
flatmap-send,-1854340486391660434,2120255864504
flatmap-send,-1834987737418039186,2120260234029
flatmap-send,-7187411612741926802,2120263809759
flatmap-send,1716492647738114158,2120276473175
flatmap-send,-2395924648257650578,2120277928824
flatmap-send,5537670440480145518,2120284368818
flatmap-send,4394189888170229870,2120291210198
flatmap-send,9208704684884230254,2120296206335
flatmap-send,3641763007194726510,2120296943728
flatmap-send,2703274054147638625,2120437593803
flatmap-send,-3809400326696467103,2120439483506
flatmap-send,-2476936686467021471,2120439830322
flatmap-send,1720197525182350689,2120440174180
flatmap-send,8924282514499962209,2120440178144
flatmap-send,-6347250064716462751,2120442620981
flatmap-send,-4654483812753865375,2120443710917
flatmap-send,-4757280298750704287,2120444763950
flatmap-send,-8815683154024069791,2120444944015
flatmap-send,-8645934389944908447,2120445436899
flatmap-send,8635398066368677217,2120445755970
flatmap-send,-1085217100441582239,2120446018011
flatmap-send,-4447973371321252511,2120446155842
flatmap-send,-8726840011749587615,2120446210879
flatmap-send,3908477959425492321,2120447011854
flatmap-send,-5827067450008533663,2120447091277
flatmap-send,3770876630419899745,2120448169219
flatmap-send,-1662465012876180127,2120450376591
flatmap-send,8627234106633094497,2120460094226
flatmap-send,6781279088620340577,2120461264334
flatmap-send,-3846285634683533983,2120462191041
flatmap-send,-6465826591271287455,2120466619310
flatmap-send,2222880549045798241,2120467169327
flatmap-send,4839464781427508577,2120469341276
flatmap-send,5911541485261555041,2120470223143
flatmap-send,-3570430553960217247,2120470239767
flatmap-send,6811394643385648481,2120470968007
flatmap-send,2851069921821984097,2120471950971
flatmap-send,-3104924316039380293,2121424689702
flatmap-send,2206194347697767099,2121424931829
flatmap-send,-4803043123749977413,2121425025197
flatmap-send,-4965629553121688901,2121425359381
flatmap-send,-6382384082608716694,2122702125427
flatmap-send,-4446902700398869398,2122710025802
flatmap-send,6853254313775465578,2122711335714
flatmap-send,3036997887834719338,2122712230403
flatmap-send,5567828442407240810,2122712235044
flatmap-send,2062509133092881514,2122712700055
flatmap-send,5764615009162232938,2122712703983
flatmap-send,-7247480114810715030,2122713258632
flatmap-send,4884897594024658026,2122713612576
flatmap-send,2534848861550150762,2122714460957
flatmap-send,-2322550148527291286,2122715647634
flatmap-send,-790806940660792214,2122715832057
flatmap-send,2930011841629258858,2122719492434
flatmap-send,-9057903254930717590,2122721195294
flatmap-send,-288395470399601558,2122725557838
flatmap-send,-7224464862540200854,2122728384182
flatmap-send,-6780606595526032278,2122732788214
flatmap-send,6676990432200623210,2122733599414
flatmap-send,1248354127440774250,2122736742300
flatmap-send,-600988803724737430,2122738607871
flatmap-send,-4443115698884967318,2122741467266
flatmap-send,6644000573651682410,2122743365478
flatmap-send,8117693643495573078,2124740799683
flatmap-send,-9057500623221554418,2125470519202
flatmap-send,4287199078846038798,2125470675566
flatmap-send,4102708337739563790,2125471096643
flatmap-send,2314369966700233486,2125471472538
flatmap-send,1931481556476494606,2125471730444
flatmap-send,-7331738005834562802,2125472040386
flatmap-send,-8084602707186285151,2126477686364
flatmap-send,-7616717585664440927,2126478958554
flatmap-send,6024880432342893985,2126478962731
flatmap-send,-3616309209932495455,2126482169065
flatmap-send,-7473562421563488863,2126482288624
flatmap-send,-2853475666148457055,2126506042675
flatmap-send,-5918266059722324575,2126510991068
flatmap-send,-982041892818516575,2126512511938
flatmap-send,5624652702274290939,2129939841075
flatmap-send,2700310161641177625,2130282668490
flatmap-send,2852077392300605977,2130282916006
flatmap-send,-6610226097592204775,2130284197142
flatmap-send,-3290711050642521575,2130284206585
flatmap-send,7103195679253594649,2130284855125
flatmap-send,-6570939318771121639,2130284866055
flatmap-send,-4461115318411984359,2130285476461
flatmap-send,7928860479999443481,2130285964726
flatmap-send,-1086641900007456231,2130286138865
flatmap-send,2619383717835047449,2130287855415
flatmap-send,7795211860935967257,2130287954702
flatmap-send,-9179048128978877927,2130288083233
flatmap-send,-3429895719341784551,2130288863378
flatmap-send,6338589228804342297,2130290139354
flatmap-send,-6074966184875261415,2130291939201
flatmap-send,5386183941768086041,2130292285893
flatmap-send,-1609904435763346919,2130295029474
flatmap-send,451144893780197913,2130296274661
flatmap-send,8309193857128464921,2130302936320
flatmap-send,8388788560425124377,2130313015129
flatmap-send,-5552053719018765799,2130316108726
flatmap-send,-1551396780644498919,2130318787259
flatmap-send,2078385608551563801,2130330056207
flatmap-send,8934151047971078681,2130335800337
flatmap-send,-1812640455641267687,2130335962467
flatmap-send,4614462873698042393,2130339874487
flatmap-send,-2615203245777223143,2130342800201
flatmap-send,-4365752720724852199,2130351186229
flatmap-send,2331271418924237337,2130351984301
flatmap-send,445016284686451225,2130357948623
flatmap-send,-4167249081879493162,2130362220530
flatmap-send,-5989539461451479594,2130363938335
flatmap-send,6254242462022239702,2130364464351
flatmap-send,-5157094062691449386,2130369414089
flatmap-send,2032827245470417170,2132703913655
flatmap-send,-6402890408258436846,2132704203751
flatmap-send,8980280633112658194,2132705867744
flatmap-send,-4018156065362279611,2132884390071
flatmap-send,7323405932489081669,2132885114409
flatmap-send,8843209457690215237,2132885499630
flatmap-send,9045179401431417669,2132885510562
flatmap-send,6366665765025743685,2132885827201
flatmap-send,1636579412486914885,2132886178636
flatmap-send,7735007448922063685,2132886471640
flatmap-send,-7735517961619766459,2132886920991
flatmap-send,-1791474654943116475,2132887420325
flatmap-send,3176226305070859077,2132887583725
flatmap-send,2080197234346951243,2132942653362
flatmap-send,-665643909958860213,2132945297118
flatmap-send,-2849378207218531765,2132945660534
flatmap-send,8241499039330206283,2132945663426
flatmap-send,4257783543620436937,2133037852794
flatmap-send,1719216747925472201,2133038889964
flatmap-send,6681455836683830217,2133038916482
flatmap-send,2036496332952175561,2133041682672
flatmap-send,-7500339511134518327,2133042865539
flatmap-send,-8678799801816447740,2133285566835
flatmap-send,-1514937713801820924,2133285840037
flatmap-send,2298946305348601092,2133286229097
flatmap-send,3721371402847126788,2133286960675
flatmap-send,-2864860954435256126,2133382426129
flatmap-send,-8310083718517620542,2133385582402
flatmap-send,-2336118761964175166,2133386237660
flatmap-send,1411038116994613442,2133387343008
flatmap-send,4967709253595824322,2133387804869
flatmap-send,-4845220256647479102,2133390110227
flatmap-send,-9067972036957044542,2133390940000
flatmap-send,846746261171208386,2133391131209
flatmap-send,-2889489478026526526,2133393033563
flatmap-send,984524143397437634,2133399243079
flatmap-send,2701004486054248642,2133399297173
flatmap-send,6359234277602754957,2133515050573
flatmap-send,4291275947702747533,2133515055617
flatmap-send,-6482827124095843073,2134220574234
flatmap-send,-8797232562930973868,2136997845784
flatmap-send,-6324229478096567468,2136998050014
flatmap-send,2122015226374128904,2137540079075
flatmap-send,-5603441254663716070,2137873849221
flatmap-send,2820619050369942207,2138290163391
flatmap-send,-4860575207112310081,2138291646681
flatmap-send,-5371849909324479809,2138291725778
flatmap-send,1140904289191854783,2138291883278
flatmap-send,-507476396344343873,2138292566037
flatmap-send,783420022113436351,2138294995654
flatmap-send,-632319868594551698,2138641387159
flatmap-send,5826265025563591790,2138641969234
flatmap-send,-6561933962057350034,2138643577283
flatmap-send,-5832487630016609170,2138649282477
flatmap-send,5303185549903791214,2138650297340
flatmap-send,6516459282119001198,2138652628943
flatmap-send,-154786352150346642,2138663085587
flatmap-send,9054960575267734638,2138663316867
flatmap-send,-3455184199017823122,2138664325655
flatmap-send,-8915512023777803154,2138665198965
flatmap-send,-952210445844872082,2138667318312
flatmap-send,3199474108345615470,2138676771078
flatmap-send,8386898804879656046,2138677485741
flatmap-send,-6498558730307632018,2138679753429
flatmap-send,2876542217508357230,2138680409863
flatmap-send,6249688667112080494,2138681461979
flatmap-send,2202172248264017006,2138685186369
flatmap-send,5352472094921720942,2138685637251
flatmap-send,6929047240870724718,2138688080947
flatmap-send,-2109153289676258194,2138692149292
flatmap-send,-2485184320755465106,2138693435678
flatmap-send,5012612350696490094,2138694939574
flatmap-send,6604245274028147822,2138698436845
flatmap-send,-3747835260453256082,2138700265059
flatmap-send,-2698732164886821778,2138700764697
flatmap-send,-3374348851468041106,2138701586286
flatmap-send,2006795938315633774,2138703681308
flatmap-send,-7483451545107823506,2138704762497
flatmap-send,-7365615500979600274,2138707920561
flatmap-send,7753225437471310958,2138708118381
flatmap-send,4440397950954242507,2138762736964
flatmap-send,-8774101075960528815,2139047497723
flatmap-send,-4217575648933183407,2139049042045
flatmap-send,1198304143396044881,2139050233188
flatmap-send,-1385482507532631495,2141376880075
flatmap-send,78865520929014329,2141377823372
flatmap-send,3326929869899563577,2141378318177
flatmap-send,2927694887161692729,2141379343750
flatmap-send,5041535364842390073,2141379928941
flatmap-send,-702693075243236807,2141381275273
flatmap-send,-8815683154024070599,2141381409777
flatmap-send,-1085217100441583047,2141382178245
flatmap-send,5911541485261554233,2141382328684
flatmap-send,-8726840011749588423,2141382329744
flatmap-send,6875982756719886905,2141382330890
flatmap-send,56784222181917241,2141382599131
flatmap-send,3908477959425491513,2141383031787
flatmap-send,-5827067450008534471,2141383041033
flatmap-send,-6166030546796281287,2141383374686
flatmap-send,385512871464796729,2141383918761
flatmap-send,-3634129828107517383,2141383934763
flatmap-send,-2041012035797384647,2141384087336
flatmap-send,-3420400220960193453,2141508035649
flatmap-send,6159920204198446163,2141508402703
flatmap-send,-2271520697190710189,2141508416290
flatmap-send,-6045603894359227309,2141510188577
flatmap-send,-5298475345169611693,2141518124627
flatmap-send,4968470098462377043,2141519211018
flatmap-send,45929456845456467,2141519683900
flatmap-send,-507476396344343469,2141519909402
flatmap-send,3282386807022420407,2142533723781
flatmap-send,83846656495190566,2144416917051
flatmap-send,-1539607924345667034,2144421898405
flatmap-send,4539388413027025446,2144423469873
flatmap-send,8790762637081182758,2144423471821
flatmap-send,-8351718302556356058,2144423660104
flatmap-send,2865082166725837350,2144424245110
flatmap-send,-5683455597740031450,2144425147148
flatmap-send,7281846849680441894,2144426612680
flatmap-send,1578253846801547814,2144426843061
flatmap-send,598726167708566054,2144427302796
flatmap-send,6905190724766007846,2144427860488
flatmap-send,-3457516838705954266,2144428521060
flatmap-send,-3561548329663856090,2144428628056
flatmap-send,-3327501658895678938,2144429462975
flatmap-send,137181345628553766,2144430804514
flatmap-send,3154951322009076262,2144430991830
flatmap-send,2731888161360708134,2144433629124
flatmap-send,-2901294809819905498,2144441726070
flatmap-send,-5150481333474033114,2144449591108
flatmap-send,4505252043023188518,2144450093537
flatmap-send,4817262360307696166,2144459577115
flatmap-send,-8677489793841495514,2144463983258
flatmap-send,8772721240407278118,2144474591424
flatmap-send,-4188475368602074586,2144479597751
flatmap-send,-5862648007060618714,2144481026180
flatmap-send,-8218976741931089370,2144488320465
flatmap-send,-2520127251257753050,2144496201729
flatmap-send,7541131955165725222,2144496907548
flatmap-send,6903221744253796902,2144505692500
flatmap-send,-4176894985720822364,2144514627174
flatmap-send,-6846099018519411292,2144520095669
flatmap-send,1132187893582792100,2144521496349
flatmap-send,5798145857496810392,2144589748665
flatmap-send,5860641359685223320,2144589874763
flatmap-send,7133465148466922392,2144590482758
flatmap-send,1414751034617627544,2144590818130
flatmap-send,-5302270902258367592,2144591013045
flatmap-send,-4959189820891987048,2144592072588
flatmap-send,-8271036298223942760,2144592721573
flatmap-send,1934260404611974040,2144593164744
flatmap-send,4546820351421580184,2144593967279
flatmap-send,4080982726709085080,2144594650351
flatmap-send,-6458797739852430440,2144594741896
flatmap-send,317158269380461464,2144595115674
flatmap-send,-6608392541693803624,2144595225327
flatmap-send,-9165756832990362728,2144595400277
flatmap-send,7673168389535171480,2144595676913
flatmap-send,-4939815382333521000,2144596925377
flatmap-send,8503593186571060120,2144598383670
flatmap-send,-4378816439281253480,2144599586518
flatmap-send,7957591178394731366,2144794068725
flatmap-send,7145839812535124838,2144794072486
flatmap-send,8743437805490799462,2144794698856
flatmap-send,-8234076055942462618,2144794701907
flatmap-send,3036682461141533542,2144794858789
flatmap-send,2059324913059103812,2146256211728
flatmap-send,7449787548492104772,2146256515020
flatmap-send,7140580826944635972,2146256723946
flatmap-send,-6468439859827571275,2146836203496
flatmap-send,-1766571223380130379,2146837112609
flatmap-send,8082355623246693813,2146838348449
flatmap-send,2800592511221892533,2146839591828
flatmap-send,-2902058296091343435,2146840788489
flatmap-send,228542635818616245,2146840790666
flatmap-send,-3053893198255487563,2146841063500
flatmap-send,-724440027966208587,2146841567756
flatmap-send,-6829543684824889931,2146841714672
flatmap-send,-7334825988536138315,2146841724869
flatmap-send,-4455107616942586443,2146844356582
flatmap-send,4267152877337707957,2146844525855
flatmap-send,1254783173791843765,2146844983470
flatmap-send,-1188972807254440523,2146845120734
flatmap-send,-2437445265339185739,2146848612597
flatmap-send,7954441730416182709,2146849052746
flatmap-send,-7838255567909943883,2146851270306
flatmap-send,406595474351457717,2146852696928
flatmap-send,953627192347067829,2146854020324
flatmap-send,-1608446341610994251,2146859395957
flatmap-send,-2142271705186302539,2146860552558
flatmap-send,1268812864852854197,2146861255325
flatmap-send,8550241612351931829,2146861447756
flatmap-send,5310847024235546037,2146861606050
flatmap-send,1787970429781018037,2146864963840
flatmap-send,737701302133327285,2146866157884
flatmap-send,1400708531669173685,2146868105396
flatmap-send,-9204902861438188107,2146870222200
flatmap-send,-3107494669282441803,2146870777526
flatmap-send,-5124781357276330571,2146872553315
flatmap-send,-6130055007371786827,2146880140732
flatmap-send,-7687145531671312971,2146882048004
flatmap-send,-4286590821282609739,2146882745563
flatmap-send,-4822157424729258571,2146883957756
flatmap-send,8397369948032206261,2146885196187
flatmap-send,7062208991031461301,2146887446427
flatmap-send,-8078301144054495819,2146890489312
flatmap-send,-5003993360650730059,2146891429101
flatmap-send,-176817485679426123,2146891550788
flatmap-send,-1186865013399222859,2146891917649
flatmap-send,1755828633999508917,2146894341095
flatmap-send,1347733455852537269,2146894861947
flatmap-send,-2408912616475851339,2146895997957
flatmap-send,-3952184272479058507,2146901375136
flatmap-send,-8756892774093027915,2146905220127
flatmap-send,4314940672042862005,2146905373987
flatmap-send,8430751434584097872,2146928486216
flatmap-send,4335305804937692240,2146929591869
flatmap-send,-7283624772867455920,2146931299078
flatmap-send,6809595082153395280,2146932389651
flatmap-send,7696191999812043856,2146932933156
flatmap-send,4815643350910633040,2146934245911
flatmap-send,-5531691068615031728,2146935789689
flatmap-send,1523852798892966992,2146936356174
flatmap-send,1725521257404826704,2146938313586
flatmap-send,-3219609954411346864,2146940592262
flatmap-send,-4692987357043882928,2146946450756
flatmap-send,5161833417368667216,2146958122303
flatmap-send,-1094881305138559920,2146960400073
flatmap-send,-2420693617279499184,2146961103173
flatmap-send,8614442263801496656,2146961345348
flatmap-send,8494652421870453840,2146964221722
flatmap-send,6091573955825501264,2146964554435
flatmap-send,1170037108195198032,2146968824221
flatmap-send,5030848713115829328,2146969695471
flatmap-send,6359234277602755664,2146969976018
flatmap-send,6373997076631520336,2146971687873
flatmap-send,7212126881787675728,2146973986329
flatmap-send,7279208429795673168,2146974670718
flatmap-send,-7454439363145890736,2146983403079
flatmap-send,8734812519022986320,2146987990574
flatmap-send,-5870435968179239856,2146989969930
flatmap-send,1652658567452296272,2146990275089
flatmap-send,7472290849250870352,2146990297259
flatmap-send,-4307564301935180720,2146990536540
flatmap-send,-1037220845203749808,2146993749648
flatmap-send,9066172548739236944,2146995283715
flatmap-send,7963700434365842151,2147568763877
flatmap-send,671113263047508711,2147572043910
flatmap-send,5655642738150867687,2147572412366
flatmap-send,5074094214833242855,2147572872364
flatmap-send,-8605538225366236441,2147573210461
flatmap-send,-5033572027324169497,2147573390592
flatmap-send,-8840062934584392985,2147574894424
flatmap-send,6417924065104757479,2147575412865
flatmap-send,-8072342727334821145,2147575419962
flatmap-send,-826526976775814425,2147575657842
flatmap-send,8838973653568717543,2147575718346
flatmap-send,8557690537342141159,2147576343906
flatmap-send,7376300494848787175,2147581687649
flatmap-send,1151471631021900519,2147583115968
flatmap-send,-4269227587059842329,2147585042718
flatmap-send,3625397824587301607,2147592766709
flatmap-send,-3945541332461681945,2147596788030
flatmap-send,8069424580525032167,2147598761807
flatmap-send,-8667341035229149737,2148059643252
flatmap-send,7965186531704964567,2148059685787
flatmap-send,-6965439130129922601,2148061322840
flatmap-send,-4253393395554187817,2148062458108
flatmap-send,4454216217955141079,2148062674139
flatmap-send,-4673377936529685033,2148063292305
flatmap-send,-2162213762327640617,2148065111616
flatmap-send,-2264781206308518441,2148065394796
flatmap-send,5244887476304086487,2148065506855
flatmap-send,-1063824121743276585,2148066819844
flatmap-send,-3134879290567424553,2148067208753
flatmap-send,-3969004330777836073,2148067226286
flatmap-send,4725084429330941399,2148068150604
flatmap-send,-3223836086266493481,2148068229911
flatmap-send,-195780474960869929,2148069219399
flatmap-send,1198304143396046295,2148075202709
flatmap-send,-4105523349499673129,2148076025188
flatmap-send,4986951462996149719,2148077024530
flatmap-send,5773447042470774231,2148078013510
flatmap-send,7217890538920347095,2148078925628
flatmap-send,22880467606831455,2148422680061
flatmap-send,284781779406029520,2149007491380
flatmap-send,3349824639747490512,2149007690182
flatmap-send,9180224499046417104,2149008038166
flatmap-send,-5186152686134754608,2149008042008
flatmap-send,4698045527143481562,2149523880030
flatmap-send,-9059313709305823014,2149523897448
flatmap-send,1085372397869073835,2149531189253
flatmap-send,8829525013280327083,2149534655809
flatmap-send,4139742247300105643,2149535746827
flatmap-send,-7536700867471211093,2149536430343
flatmap-send,6428309682573542827,2149537117845
flatmap-send,-2256702853861079637,2149537162081
flatmap-send,-8877750980549016149,2149538303921
flatmap-send,-5194551481797179989,2149538959274
flatmap-send,5991220734989436331,2149539821021
flatmap-send,8589689392317072811,2149541442551
flatmap-send,-9143872763436464740,2150004950811
flatmap-send,-8685547109539117668,2150008254699
flatmap-send,8835305601174078876,2150009051792
flatmap-send,3468309795168060828,2150009550189
flatmap-send,1112442180871390620,2150013244373
flatmap-send,-9192004554957257316,2150013641172
flatmap-send,72354578141545884,2150013800768
flatmap-send,-404203340776340068,2150013918914
flatmap-send,-1269485035824609892,2150013930361
flatmap-send,8743117924916528540,2150015105278
flatmap-send,-1310815518998919830,2151061745701
flatmap-send,7211298756258431746,2152446301059
flatmap-send,-5580337354268212478,2152446435444
flatmap-send,-4558299390254513406,2152448275678
flatmap-send,3813174426128614069,2152933714333
flatmap-send,-4410550092910558539,2152933716224
flatmap-send,3862037156658676405,2152935902769
flatmap-send,-3864667055328329035,2152936030260
flatmap-send,8011693060356310261,2153146975128
flatmap-send,-4978759762066799371,2153147405678
flatmap-send,-1754208383356894174,2154302714676
flatmap-send,2302501382923486242,2154303051495
flatmap-send,-2533023680837975006,2154303142469
flatmap-send,2038910027263116322,2154305163197
flatmap-send,8958770358857499682,2154306415224
flatmap-send,-5449688958839552990,2154307443211
flatmap-send,5212297569404716066,2154309097902
flatmap-send,-5990744762418723806,2154309522321
flatmap-send,-7704607605976464350,2154315861837
flatmap-send,5794828630915810338,2154316978006
flatmap-send,7941631204476847138,2154318256990
flatmap-send,134307239413416994,2154320487144
flatmap-send,5000592038610076706,2154321275277
flatmap-send,-7619438163978616561,2154597775976
flatmap-send,3956082444926451983,2154598026876
flatmap-send,-1673393776204185329,2154600487101
flatmap-send,5866961764838539535,2154601503927
flatmap-send,8399525317240160527,2154602109875
flatmap-send,-2215476364729908977,2154602885245
flatmap-send,7419140465754112271,2154602931479
flatmap-send,6530712947134562575,2154603083456
flatmap-send,8437384487586758927,2154603983472
flatmap-send,2977288741384618255,2154604011066
flatmap-send,-1767116207485353713,2154604014041
flatmap-send,5609646507448860943,2154604614959
flatmap-send,-1015346052779212770,2154720366714
flatmap-send,1324079554830008350,2154721084051
flatmap-send,-2609107158175842274,2154721188060
flatmap-send,3615555129639436318,2154721385859
flatmap-send,-7749167440700899298,2154721624381
flatmap-send,5229623325742858270,2154722371654
flatmap-send,-6893634780248670178,2154723330354
flatmap-send,6187126966592733214,2154724560943
flatmap-send,5625194070017048606,2154725198216
flatmap-send,-9073312691350667234,2154726726067
flatmap-send,204707843658481694,2154726804751
flatmap-send,4771794797130154014,2154726968868
flatmap-send,248504320960495646,2154727167812
flatmap-send,472444078982692894,2154727304250
flatmap-send,9120707084231376926,2154728194728
flatmap-send,-2989035807651659746,2154728397036
flatmap-send,6036474159687533885,2156115616029
flatmap-send,2139261358313571645,2156115617299
flatmap-send,522246488227578647,2156624479736
flatmap-send,636897633717191447,2156625946536
flatmap-send,2420352811624563479,2156627590769
flatmap-send,6634619192551146263,2156627920576
flatmap-send,3522663061565473559,2156628796217
flatmap-send,-4655558877427793129,2156629359836
flatmap-send,-7512032520943172841,2156629652047
flatmap-send,-4640973932994755817,2156629936417
flatmap-send,4093928118916481815,2156630675025
flatmap-send,-7772923089498668265,2156632416242
flatmap-send,-4758107668365704425,2156632569983
flatmap-send,6306016776652063511,2156632841511
flatmap-send,-5270590914245426409,2156633120672
flatmap-send,-5178020199919516905,2156633408106
flatmap-send,-2782360873266576617,2156633983759
flatmap-send,-5397232929820638441,2156634170533
flatmap-send,-8461447248021028073,2156634370709
flatmap-send,5020819079716406039,2156635434360
flatmap-send,8428530485520499479,2156637277303
flatmap-send,3323334041674973975,2156638148003
flatmap-send,-6482440074528029929,2156639099335
flatmap-send,-1744910724053859561,2156639116750
flatmap-send,-4137006018125102313,2156641542840
flatmap-send,316124303248590296,2157883554740
flatmap-send,199570113584694744,2157884519621
flatmap-send,-665643909958859304,2157884801620
flatmap-send,926486138657441240,2157884967287
flatmap-send,6504563682997962200,2157886044407
flatmap-send,-7280749524191017512,2157886060023
flatmap-send,-5874041331231227320,2158326050139
flatmap-send,6957494939575910984,2158326267089
flatmap-send,-138851808733822392,2158326413972
flatmap-send,-9168207326581095864,2158327074518
flatmap-send,1423911409586012744,2158329202977
flatmap-send,-1328912045873036728,2158332456483
flatmap-send,-9017977887487163832,2158334141913
flatmap-send,-9143024902532497321,2158491666606
flatmap-send,7041675203360850007,2158491779727
flatmap-send,-3875417281160806313,2158492026403
flatmap-send,-4734483174984253353,2158492329981
flatmap-send,-4410550092910559145,2158492335885
flatmap-send,-7224696511601311657,2158492494820
flatmap-send,-6114344197391646633,2158492869661
flatmap-send,-2245074088173240233,2158493115065
flatmap-send,7948244324536287319,2158493126174
flatmap-send,2613542141405691991,2158493292238
flatmap-send,753241198184890455,2158493556339
flatmap-send,8562631313100636247,2158493565151
flatmap-send,-5693761457666129833,2158493812272
flatmap-send,-2002427063222402985,2158494068256
flatmap-send,4255330090797236441,2158667532873
flatmap-send,-8539248428809453351,2158667655733
flatmap-send,5149468477106421977,2158668302743
flatmap-send,4078970989797442292,2159388476025
flatmap-send,4984001451823989492,2159389103249
flatmap-send,-6047519209255075084,2159390923644
flatmap-send,-3989507722964892940,2159391184351
flatmap-send,-4871525101679410444,2159391636971
flatmap-send,-883622072985582860,2159391981079
flatmap-send,-2722684574726356236,2159392128051
flatmap-send,6214237740762923764,2159392397739
flatmap-send,-1283592766441389324,2159393311390
flatmap-send,-7031795606053977356,2159394291026
flatmap-send,6922783121263821556,2159395151634
flatmap-send,9156665473851458292,2159395916305
flatmap-send,-6655135577014271244,2159395929807
flatmap-send,472264918716908628,2160776042120
flatmap-send,-6359780356924636076,2160776683720
flatmap-send,-2970807017259662252,2160777783761
flatmap-send,2943028770811937876,2160778695859
flatmap-send,-2842914814013995948,2160778996882
flatmap-send,-4170945103101164460,2160778998042
flatmap-send,6113258743191831636,2160780267696
flatmap-send,5832412455204029524,2160780279869
flatmap-send,744909507091498068,2160780902401
flatmap-send,-2308438329101646764,2160781173924
flatmap-send,-7225246413444086700,2160781944576
flatmap-send,-315791443283147692,2160783059803
flatmap-send,5844070173266412628,2160783530012
flatmap-send,3604037955791881300,2160783703102
flatmap-send,-6338902396344728492,2160783785903
flatmap-send,8043656520505754708,2160783792342
flatmap-send,-6519142412613319596,2160784377458
flatmap-send,2092702044514157652,2160784382991
flatmap-send,4322183146545087572,2160784581007
flatmap-send,-764437903047654316,2160784826257
flatmap-send,-2662388061433756588,2160784830887
flatmap-send,1257564100691493972,2160785528396
flatmap-send,-1761624808329575340,2160786693596
flatmap-send,-4566825140855241644,2160788935307
flatmap-send,-3411804428032801708,2160789470609
flatmap-send,6300961278022124628,2160789660505
flatmap-send,-202003543270357932,2160790045325
flatmap-send,-4765797150179195820,2160790195994
flatmap-send,232389822709236820,2160794594489
flatmap-send,-1268633124766481324,2160796100591
flatmap-send,6478618932319093844,2160796556077
flatmap-send,-3934179425976843180,2160796764430
flatmap-send,3498682966366749780,2160798555154
flatmap-send,64364513041843284,2160799471807
flatmap-send,9082817110379332692,2160799739242
flatmap-send,284781779406030227,2161247881073
flatmap-send,2497008382901224851,2161248462825
flatmap-send,6387195493952259475,2161249253349
flatmap-send,1107495929029592467,2161249518453
flatmap-send,7466031106215642515,2161249641879
flatmap-send,-5800753534005672557,2161250441616
flatmap-send,-1458565885789731437,2161250873553
flatmap-send,-6676677006962195053,2161251171576
flatmap-send,-5929409644429572717,2161251180200
flatmap-send,970958373228904948,2162074069296
flatmap-send,5004045578863116788,2162074108761
flatmap-send,-5271018276376280588,2162074385475
flatmap-send,-1896117139358613004,2162074585471
flatmap-send,1392721026369978868,2162074747231
flatmap-send,7978879535984673970,2162441950831
flatmap-send,3966514125919487154,2162442419389
flatmap-send,3314598950073271474,2162445670468
flatmap-send,2514830688998392835,2162643563843
flatmap-send,-8649042855345519613,2162643951223
flatmap-send,-6355617820650241021,2162644248066
flatmap-send,5059701779424347139,2162647578279
flatmap-send,-4127765052390374483,2164166208496
flatmap-send,-9179048128978877523,2164166421508
flatmap-send,957631837033726893,2164167380055
flatmap-send,1725521257404825795,2164359944208
flatmap-send,-3219609954411347773,2164365437885
flatmap-send,-5870435968179240765,2164367527514
flatmap-send,6359234277602754755,2164369050473
flatmap-send,-5531691068615032637,2164369423504
flatmap-send,6373997076631519427,2164369501695
flatmap-send,6323361439436243139,2164369682763
flatmap-send,802216452563140803,2164369754309
flatmap-send,8176743336372078029,2165008653526
flatmap-send,1593223396966008269,2165009354703
flatmap-send,-8879711070478924339,2165010136727
flatmap-send,-1600487286175169075,2165011437183
flatmap-send,-140068976695704115,2165012180690
flatmap-send,-3178283989542631987,2165014635292
flatmap-send,2809174057742763469,2165014957242
flatmap-send,2787889634342864333,2165016132419
flatmap-send,-640138839377050163,2165016673342
flatmap-send,-7001216469698607667,2165017220584
flatmap-send,6642406054158140877,2165017416537
flatmap-send,3831216359673431501,2165017866764
flatmap-send,-7736249605003672115,2165019023585
flatmap-send,-3722401494918494771,2165019532614
flatmap-send,-7124936030611831347,2165019699054
flatmap-send,699526176812565965,2165020121769
flatmap-send,-7852587766402513459,2165021128692
flatmap-send,-7824229501801331251,2165021218892
flatmap-send,6687970232625006029,2165022867036
flatmap-send,-4792195153051777587,2165024526941
flatmap-send,4419093903848768973,2165025180807
flatmap-send,-7372084512001358387,2165025555242
flatmap-send,975150914144830925,2165026628033
flatmap-send,-2581218737227037235,2165028642306
flatmap-send,9020423072498320845,2165030441618
flatmap-send,-6425717171594197555,2165031669949
flatmap-send,-1188972807254440927,2165121411252
flatmap-send,2800592511221892129,2165125072413
flatmap-send,7830474474444031009,2165125449004
flatmap-send,2823142305001636897,2165125453126
flatmap-send,-7830177065138650079,2165125782689
flatmap-send,406595474351457313,2165126059330
flatmap-send,3718363869177971745,2165127473620
flatmap-send,8445039317604107297,2165128816802
flatmap-send,-3952184272479058911,2165129069369
flatmap-send,3221659362481144865,2165129073131
flatmap-send,5324211712625214497,2165129209716
flatmap-send,4543137227986699297,2165129238162
flatmap-send,7446893732672046113,2165129671143
flatmap-send,3329864363354883105,2165129807621
flatmap-send,-4455107616942586847,2165129808732
flatmap-send,-6241986278921862111,2165129926470
flatmap-send,4267152877337707553,2165129947510
flatmap-send,-3307460177556404894,2166211953740
flatmap-send,-90395884621134494,2166211954922
flatmap-send,-978765275153300126,2166212249618
flatmap-send,6684797518808614242,2166212278138
flatmap-send,-7073750740681882270,2166213766779
flatmap-send,8690263816853783906,2166214661849
flatmap-send,7446309733083907426,2166214667808
flatmap-send,-6736593518728313502,2166215130012
flatmap-send,-7300820739588881054,2166215431391
flatmap-send,3849535855479752034,2166215544372
flatmap-send,7802371597188203874,2166216003350
flatmap-send,8798450164684555618,2166216286564
flatmap-send,6716483833308382562,2166216780262
flatmap-send,-3553190074197736444,2166712385488
flatmap-send,4292685826552235012,2166712483918
flatmap-send,-828705796505205756,2166713512738
flatmap-send,6590001972768670724,2166713526978
flatmap-send,4046887738715145220,2166715493021
flatmap-send,2409204356424401924,2166716862457
flatmap-send,-7664934125479918588,2166717042041
flatmap-send,-478124456699493372,2166718618639
flatmap-send,5629999691744674820,2166722244505
flatmap-send,9025867282848416772,2166723901785
flatmap-send,5776365781986051076,2166724366921
flatmap-send,4799891128855823364,2166729759506
flatmap-send,2421447895141056970,2167250344814
flatmap-send,978346116409983434,2167250346791
flatmap-send,-5359367059325058614,2167250442900
flatmap-send,393962764353143242,2167252837182
flatmap-send,-3969789347720330061,2167723702659
flatmap-send,6886632162490057907,2167723707098
flatmap-send,6597640134017942707,2167723714221
flatmap-send,6107179625006236851,2167723845243
flatmap-send,-3265315102294801229,2167724921884
flatmap-send,5060451538980308147,2167725696051
flatmap-send,143259982777812147,2167728857829
flatmap-send,7738602091735680179,2167728860933
