accept-in,4814214733459900937,4180934499000
accept-in,4814214733459900937,4180934503982
accept-in,58761972378809775,4180957786515
accept-in,58761972378809775,4180957790668
accept-in,3269697131889801349,4181166933760
accept-in,3269697131889801349,4181166942509
accept-in,-8304379590085677882,4181217858293
accept-in,-8304379590085677882,4181217866278
accept-in,-7692973325997763493,4181264867651
accept-in,-7692973325997763493,4181264875398
accept-in,-5969140702184457925,4181272339941
accept-in,-5969140702184457925,4181272345896
accept-in,6880924100261274672,4181276061644
accept-in,6880924100261274672,4181276069754
accept-in,-5202565366119458717,4181291084746
accept-in,-5202565366119458717,4181291087103
accept-in,-297105507876520900,4181308905972
accept-in,-297105507876520900,4181308914893
accept-in,2055474674364631122,4181316174254
accept-in,2055474674364631122,4181316178449
accept-in,-89680083201806197,4181410590050
accept-in,-89680083201806197,4181410598050
accept-in,-7688735925578111774,4181475562655
accept-in,-7688735925578111774,4181475572536
accept-in,3500240374064046455,4181561276432
accept-in,3500240374064046455,4181561286913
accept-in,2348756868989727181,4181590739070
accept-in,2348756868989727181,4181590746657
accept-in,7320020473322569709,4181632615060
accept-in,7320020473322569709,4181632621853
accept-in,813031955149701667,4181638087064
accept-in,813031955149701667,4181638102032
accept-in,2391399495989756041,4181778058672
accept-in,2391399495989756041,4181778067104
accept-in,-6969493401829253785,4181861090775
accept-in,-6969493401829253785,4181861099912
accept-in,-4286748750908100095,4181863838852
accept-in,-4286748750908100095,4181863848348
accept-in,-2505841069669032000,4181896646891
accept-in,-2505841069669032000,4181896655852
accept-in,-6842421904532724835,4181927092821
accept-in,-6842421904532724835,4181927102578
accept-in,5194395954380756697,4182070950594
accept-in,5194395954380756697,4182070959875
accept-in,50891471113123500,4182126343683
accept-in,50891471113123500,4182126352034
accept-in,6435729399163080026,4182179903125
accept-in,6435729399163080026,4182179909832
accept-in,-2768743033033184641,4182259953094
accept-in,-2768743033033184641,4182259962698
accept-in,-1320471633936311608,4182526123161
accept-in,-1320471633936311608,4182526132920
accept-in,-5118351435894617498,4182601036492
accept-in,-5118351435894617498,4182601045014
accept-in,1596479477126505068,4182651933797
accept-in,1596479477126505068,4182651941897
accept-in,495751945071252288,4182694272590
accept-in,495751945071252288,4182694276105
accept-in,-3790296900888111262,4182745510960
accept-in,-3790296900888111262,4182745517492
accept-in,4741588889792379787,4182750986797
accept-in,4741588889792379787,4182750989411
accept-in,2534469757565937774,4182823690221
accept-in,2534469757565937774,4182823699699
accept-in,-2543385344552517878,4182844133800
accept-in,-2543385344552517878,4182844138720
accept-in,-1791261055814588062,4183126544958
accept-in,-1791261055814588062,4183126553786
accept-in,5269137930969281603,4183135980848
accept-in,5269137930969281603,4183135986175
accept-in,-7356641791890425357,4183140432161
accept-in,-7356641791890425357,4183140436754
accept-in,3520456449097033945,4183213137106
accept-in,3520456449097033945,4183213145190
accept-in,4648060197861097237,4183253066982
accept-in,4648060197861097237,4183253074998
accept-in,2173929830638347562,4183289466908
accept-in,2173929830638347562,4183289472741
accept-in,4212041978781052170,4183302895686
accept-in,4212041978781052170,4183302901242
accept-in,1332038315533779225,4183313189117
accept-in,1332038315533779225,4183313191459
accept-in,-5519277417978204901,4183332751575
accept-in,-5519277417978204901,4183332756295
accept-in,7766414933103812030,4183353571288
accept-in,7766414933103812030,4183353575964
accept-in,-5713428248628927695,4183355655841
accept-in,-5713428248628927695,4183355659931
accept-in,4195308471644833169,4183359758042
accept-in,4195308471644833169,4183359774396
accept-in,-97864471024594826,4183371043101
accept-in,-97864471024594826,4183371048593
accept-in,-7121470971398653635,4183390506960
accept-in,-7121470971398653635,4183390511409
accept-in,-6755218737424829462,4183403480560
accept-in,-6755218737424829462,4183403485920
accept-in,7474574600311697934,4183421045617
accept-in,7474574600311697934,4183421050273
accept-in,-211023588169164600,4183444339055
accept-in,-211023588169164600,4183444341813
accept-in,6155521174763931056,4183461880381
accept-in,6155521174763931056,4183461882221
accept-in,-5871021330670234650,4183524301827
accept-in,-5871021330670234650,4183524311621
accept-in,4137639775454096755,4183540355212
accept-in,4137639775454096755,4183540361174
accept-in,-4971687148821534134,4183611611596
accept-in,-4971687148821534134,4183611620835
accept-in,-9084357232282683312,4183643247685
accept-in,-9084357232282683312,4183643255169
accept-in,-6771942166556856523,4183689863290
accept-in,-6771942166556856523,4183689870849
accept-in,4440293504441079964,4183690733475
accept-in,4440293504441079964,4183690739230
accept-in,-904390827204590310,4183726213666
accept-in,-904390827204590310,4183726220674
accept-in,-5738633841040477795,4183728619208
accept-in,-5738633841040477795,4183728623552
accept-in,-4165817839937976184,4183798324785
accept-in,-4165817839937976184,4183798333016
accept-in,5428753399366569708,4183819629035
accept-in,5428753399366569708,4183819635187
accept-in,-6390642068817119189,4183842351585
accept-in,-6390642068817119189,4183842365645
accept-in,-4727494733824431136,4183874854675
accept-in,-4727494733824431136,4183874858031
accept-in,-2929397007419391032,4183888827281
accept-in,-2929397007419391032,4183888832648
accept-in,2079687638575286221,4183912910130
accept-in,2079687638575286221,4183912919123
accept-in,-6889410600328378167,4183946328524
accept-in,-6889410600328378167,4183946336352
accept-in,6075356643020112471,4183953354135
accept-in,6075356643020112471,4183953358647
accept-in,-207085644611863006,4184050532601
accept-in,-207085644611863006,4184050541655
accept-in,7715289009847323327,4184086093642
accept-in,7715289009847323327,4184086099207
accept-in,-8123234192367266895,4184237955951
accept-in,-8123234192367266895,4184237960957
accept-in,-5154638928657964544,4184240895346
accept-in,-5154638928657964544,4184240899612
accept-in,-445942151134252435,4184322234887
accept-in,-445942151134252435,4184322243592
accept-in,844564998224516988,4184352181889
accept-in,844564998224516988,4184352187264
accept-in,1742655780718674509,4184371886937
accept-in,1742655780718674509,4184371891917
accept-in,9105590566390443486,4184529991177
accept-in,9105590566390443486,4184530000657
accept-in,-4622952373885472501,4184575895339
accept-in,-4622952373885472501,4184575916101
accept-in,2299487226230998507,4184611279091
accept-in,2299487226230998507,4184611289424
accept-in,-8070553547466131090,4184615284882
accept-in,-8070553547466131090,4184615289768
accept-in,6597420982936913208,4184721799203
accept-in,6597420982936913208,4184721806443
accept-in,3299198431802269522,4184775952277
accept-in,3299198431802269522,4184775960146
accept-in,-8703017034777648476,4185144805970
accept-in,-8703017034777648476,4185144815388
accept-in,6799987798552117721,4185291397148
accept-in,6799987798552117721,4185291401723
accept-in,3723691014898873339,4185383729233
accept-in,3723691014898873339,4185383737878
accept-in,8299231106748290112,4185503765868
accept-in,8299231106748290112,4185503779324
accept-in,5745180607084034282,4185543309274
accept-in,5745180607084034282,4185543317077
accept-in,2596324665125126737,4185648421493
accept-in,2596324665125126737,4185648430726
accept-in,2393073161343731072,4185698323171
accept-in,2393073161343731072,4185698336046
accept-in,7610182303251103766,4185782724578
accept-in,7610182303251103766,4185782733983
accept-in,-5653975723198615783,4185950771334
accept-in,-5653975723198615783,4185950780805
accept-in,7999243345039662582,4186224190570
accept-in,7999243345039662582,4186224199091
accept-in,-3147325742204844525,4186306596400
accept-in,-3147325742204844525,4186306604050
accept-in,-4220483664714575136,4186390795485
accept-in,-4220483664714575136,4186390805946
accept-in,1190675562489012367,4186490032702
accept-in,1190675562489012367,4186490040914
accept-in,683036774237542081,4186558114668
accept-in,683036774237542081,4186558123484
accept-in,-7717231528750820050,4186567184601
accept-in,-7717231528750820050,4186567189527
accept-in,-9091804758376087979,4186571906939
accept-in,-9091804758376087979,4186571921955
accept-in,6782980225361451797,4186575502113
accept-in,6782980225361451797,4186575506588
accept-in,8224870587909008677,4186667043027
accept-in,8224870587909008677,4186667052065
accept-in,6900409214877083452,4186677301627
accept-in,6900409214877083452,4186677306927
accept-in,-2059974330579584428,4186817839160
accept-in,-2059974330579584428,4186817847990
accept-in,3583496623934027063,4186918989220
accept-in,3583496623934027063,4186918998468
accept-in,4961257507948618642,4186919169381
accept-in,4961257507948618642,4186919174171
accept-in,3890632814465524309,4186949686575
accept-in,3890632814465524309,4186949689815
accept-in,1023643498276989116,4187074914510
accept-in,1023643498276989116,4187074923544
accept-in,7966530460799245788,4187097331056
accept-in,7966530460799245788,4187097337719
accept-in,4621161366621725299,4187099399355
accept-in,4621161366621725299,4187099403536
accept-in,481460437442855994,4187164921038
accept-in,481460437442855994,4187164929710
accept-in,-4609918281917277158,4187252120736
accept-in,-4609918281917277158,4187252127955
accept-in,-6830937326664538748,4187270188719
accept-in,-6830937326664538748,4187270194456
accept-in,-274541937361483882,4187339645724
accept-in,-274541937361483882,4187339654272
accept-in,-8106826906820115485,4187420884406
accept-in,-8106826906820115485,4187420892456
accept-in,7663495462601285768,4187459220356
accept-in,7663495462601285768,4187459223721
accept-in,-5145112830194823635,4187508783609
accept-in,-5145112830194823635,4187508789500
accept-in,-7579369041222094937,4187576092684
accept-in,-7579369041222094937,4187576101108
accept-in,6555442199523402734,4187633837624
accept-in,6555442199523402734,4187633846611
accept-in,666992638208710993,4187656241066
accept-in,666992638208710993,4187656244843
accept-in,7977074905733821064,4187798003083
accept-in,7977074905733821064,4187798011313
accept-in,4296632173235928654,4187875146820
accept-in,4296632173235928654,4187875155588
accept-in,4143299723232868208,4187889814137
accept-in,4143299723232868208,4187889816907
accept-in,6538872448247621123,4187907763758
accept-in,6538872448247621123,4187907773236
accept-in,4703411144638574111,4187991335811
accept-in,4703411144638574111,4187991344201
accept-in,8120470926956671075,4188072569552
accept-in,8120470926956671075,4188072578932
accept-in,-5412951835385825260,4188077572095
accept-in,-5412951835385825260,4188077576848
accept-in,7720884184099201118,4188220382901
accept-in,7720884184099201118,4188220391098
accept-in,821441070717764681,4188272855052
accept-in,821441070717764681,4188272862033
accept-in,5470406926097324898,4188277888518
accept-in,5470406926097324898,4188277890683
accept-in,-6399898231752759034,4188301725837
accept-in,-6399898231752759034,4188301731219
accept-in,7668354890426391485,4188345321981
accept-in,7668354890426391485,4188345325568
accept-in,6859512784011679613,4188349880754
accept-in,6859512784011679613,4188349884436
accept-in,-2996367161147852115,4188381495389
accept-in,-2996367161147852115,4188381500186
accept-in,-5129933877427770274,4188405659314
accept-in,-5129933877427770274,4188405662235
accept-in,-7385442218283140880,4188412852963
accept-in,-7385442218283140880,4188412854490
accept-in,2451157239825424810,4188570943172
accept-in,2451157239825424810,4188570952686
accept-in,-4583292127194611631,4188597878559
accept-in,-4583292127194611631,4188597887932
accept-in,-1951313177098412624,4188675933516
accept-in,-1951313177098412624,4188675942713
accept-in,-4308567134339488261,4188701216912
accept-in,-4308567134339488261,4188701222379
accept-in,6673807326154327325,4188791818510
accept-in,6673807326154327325,4188791823321
accept-in,-3902406484263984378,4188798015272
accept-in,-3902406484263984378,4188798019325
accept-in,-5378040206329804249,4188963634966
accept-in,-5378040206329804249,4188963644981
accept-in,-6582865010842915714,4188993827464
accept-in,-6582865010842915714,4188993833293
accept-in,-5539778919584189127,4189020071521
accept-in,-5539778919584189127,4189020077248
accept-in,6574713453040564691,4189109228528
accept-in,6574713453040564691,4189109238363
accept-in,-7348590947927863404,4189112511839
accept-in,-7348590947927863404,4189112514939
accept-in,6223583054581680751,4189160200763
accept-in,6223583054581680751,4189160207651
accept-in,5549766025282420456,4189187859686
accept-in,5549766025282420456,4189187865947
accept-in,-8978583829036766277,4189196921315
accept-in,-8978583829036766277,4189196926988
accept-in,652156175846661284,4189227189309
accept-in,652156175846661284,4189227195090
accept-in,-3383935493308634627,4189232262484
accept-in,-3383935493308634627,4189232266841
accept-in,2221925277563062795,4189255917429
accept-in,2221925277563062795,4189255930034
accept-in,-4636258685807476927,4189280802620
accept-in,-4636258685807476927,4189280805470
accept-in,8213567497691252965,4189405622207
accept-in,8213567497691252965,4189405630813
accept-in,2724687270698214552,4189450793683
accept-in,2724687270698214552,4189450802230
accept-in,-3306470943636710290,4189485109642
accept-in,-3306470943636710290,4189485116749
accept-in,3367626706458441047,4189514939823
accept-in,3367626706458441047,4189514942264
accept-in,8388448742030676802,4189568014081
accept-in,8388448742030676802,4189568022293
accept-in,8224224726156456133,4189609655655
accept-in,8224224726156456133,4189609662781
accept-in,-6415407508575623060,4189642361801
accept-in,-6415407508575623060,4189642364828
accept-in,-1283583292133865970,4189697899805
accept-in,-1283583292133865970,4189697909297
accept-in,-889516545926686269,4189797150326
accept-in,-889516545926686269,4189797158972
accept-in,-6456239518303672935,4189830800770
accept-in,-6456239518303672935,4189830807045
accept-in,180358320923229322,4189834896336
accept-in,180358320923229322,4189834900049
accept-in,1184897986210784503,4189850377925
accept-in,1184897986210784503,4189850383745
accept-in,1689199425832005381,4189872982915
accept-in,1689199425832005381,4189872985613
accept-in,351081937341474049,4189917103927
accept-in,351081937341474049,4189917113479
accept-in,-7276964297427425352,4190040310299
accept-in,-7276964297427425352,4190040319566
accept-in,4211521029779251784,4190048706726
accept-in,4211521029779251784,4190048711393
accept-in,3643221834456347292,4190099353467
accept-in,3643221834456347292,4190099359154
accept-in,-1418183155085338241,4190140959950
accept-in,-1418183155085338241,4190140973814
accept-in,6323125446715899888,4190168441990
accept-in,6323125446715899888,4190168447879
accept-in,5075081750151360264,4190180801551
accept-in,5075081750151360264,4190180807003
accept-in,-9106320221806395016,4190299736231
accept-in,-9106320221806395016,4190299755522
accept-in,9208789523601982329,4190386023996
accept-in,9208789523601982329,4190386033172
accept-in,-886889564037340390,4190399996763
accept-in,-886889564037340390,4190400002054
accept-in,2934098700713328357,4190415819380
accept-in,2934098700713328357,4190415831846
accept-in,-7719721639326570133,4190421087137
accept-in,-7719721639326570133,4190421091727
accept-in,-2216235531824237872,4190438631427
accept-in,-2216235531824237872,4190438636010
accept-in,-1117383809959039401,4190535691223
accept-in,-1117383809959039401,4190535699015
accept-in,7872843409733796950,4190584844860
accept-in,7872843409733796950,4190584852900
accept-in,1982562005979120768,4190642289408
accept-in,1982562005979120768,4190642297209
accept-in,1633646744205853677,4190653696322
accept-in,1633646744205853677,4190653701878
accept-in,-1516715887664890042,4190883252865
accept-in,-1516715887664890042,4190883270114
accept-in,3998025547304084743,4190899570156
accept-in,3998025547304084743,4190899577577
accept-in,-7737361501117508194,4190939650502
accept-in,-7737361501117508194,4190939654289
accept-in,-8877866978627967378,4190941380994
accept-in,-8877866978627967378,4190941383275
accept-in,-98685570367644032,4190950703089
accept-in,-98685570367644032,4190950705692
accept-in,-3262482137992205234,4190998070615
accept-in,-3262482137992205234,4190998078185
accept-in,-2029705495757921463,4191009805949
accept-in,-2029705495757921463,4191009808752
accept-in,7002615978782484684,4191028983031
accept-in,7002615978782484684,4191028987967
accept-in,8918324612311750600,4191084286028
accept-in,8918324612311750600,4191084293474
accept-in,-6532795471673608845,4191164437370
accept-in,-6532795471673608845,4191164446452
accept-in,-6861261571142546632,4191207997713
accept-in,-6861261571142546632,4191208005272
accept-in,2369677351346208025,4191254600332
accept-in,2369677351346208025,4191254609166
accept-in,-8972712175669166426,4191265582236
accept-in,-8972712175669166426,4191265589618
accept-in,6138566369632562466,4191338298601
accept-in,6138566369632562466,4191338306924
accept-in,-7623938458286560593,4191369502188
accept-in,-7623938458286560593,4191369508977
accept-in,3115061675526155600,4191446664989
accept-in,3115061675526155600,4191446672803
accept-in,8778927670112195990,4191447196407
accept-in,8778927670112195990,4191447201201
accept-in,-8216563033634205225,4191540847218
accept-in,-8216563033634205225,4191540856615
accept-in,8283627797578746228,4191581745467
accept-in,8283627797578746228,4191581754099
accept-in,-4600534420643021899,4191589463264
accept-in,-4600534420643021899,4191589469573
accept-in,5568847934585867282,4191608429619
accept-in,5568847934585867282,4191608435356
accept-in,6292778770832006066,4191652096959
accept-in,6292778770832006066,4191652105582
accept-in,-1650033959635961075,4191701648148
accept-in,-1650033959635961075,4191701656423
accept-in,-894351937489993429,4191728453392
accept-in,-894351937489993429,4191728460780
accept-in,-6318497315601898571,4191788374419
accept-in,-6318497315601898571,4191788383173
accept-in,-8578048528143238934,4191794912664
accept-in,-8578048528143238934,4191794918186
accept-in,1636466680071263539,4191800342425
accept-in,1636466680071263539,4191800346960
accept-in,408180100771229552,4191868753521
accept-in,408180100771229552,4191868762258
accept-in,5992604324730786151,4191936693821
accept-in,5992604324730786151,4191936702543
accept-in,8847239152893259508,4191948696968
accept-in,8847239152893259508,4191948703387
accept-in,-910616361479879238,4191968860177
accept-in,-910616361479879238,4191968862893
accept-in,-232357779922289031,4192032215381
accept-in,-232357779922289031,4192032409379
accept-in,7688657889797887300,4192035575634
accept-in,7688657889797887300,4192035580749
accept-in,-4658863012526686040,4192103778287
accept-in,-4658863012526686040,4192103785617
accept-in,-2785705675001578891,4192150599227
accept-in,-2785705675001578891,4192150605017
accept-in,-4255024452643105889,4192162847197
accept-in,-4255024452643105889,4192162851105
accept-in,7943848545896511270,4192283823464
accept-in,7943848545896511270,4192283832105
accept-in,6427010572455141947,4192301708984
accept-in,6427010572455141947,4192301711404
accept-in,-3930971186176183584,4192449117273
accept-in,-3930971186176183584,4192449124795
accept-in,7173872132802669501,4192462045172
accept-in,7173872132802669501,4192462048685
accept-in,-6745721393855113482,4192526479771
accept-in,-6745721393855113482,4192526487161
accept-in,-8842493794548687902,4192540820673
accept-in,-8842493794548687902,4192540822880
accept-in,-6631957068883743445,4192587218546
accept-in,-6631957068883743445,4192587662761
accept-in,-3574584982348042105,4192633707942
accept-in,-3574584982348042105,4192633714267
accept-in,5334348481360990818,4192651209282
accept-in,5334348481360990818,4192651215222
accept-in,8243012900683289005,4192721509722
accept-in,8243012900683289005,4192721518258
accept-in,-8655388564905307335,4193065517698
accept-in,-8655388564905307335,4193065527297
accept-in,3770185131833585175,4193081755775
accept-in,3770185131833585175,4193081761453
accept-in,-168934355657741092,4193087712146
accept-in,-168934355657741092,4193087716543
accept-in,3882244989622998768,4193120413381
accept-in,3882244989622998768,4193120419809
accept-in,-4554348295551883770,4193237314094
accept-in,-4554348295551883770,4193237324066
accept-in,-21763791559855361,4193254255101
accept-in,-21763791559855361,4193254261624
accept-in,-3722837391988186242,4193314549483
accept-in,-3722837391988186242,4193314558946
accept-in,-3775273489550773501,4193408626220
accept-in,-3775273489550773501,4193408634704
accept-in,-1879648837689324723,4193418242227
accept-in,-1879648837689324723,4193418246841
accept-in,8783538532784702116,4193466066877
accept-in,8783538532784702116,4193466073836
accept-in,4507960583080805247,4193487095125
accept-in,4507960583080805247,4193487098454
accept-in,4848285532526432119,4193519504417
accept-in,4848285532526432119,4193519511291
accept-in,1086124550684449314,4193563648283
accept-in,1086124550684449314,4193563654903
accept-in,1900939464196485052,4193587733280
accept-in,1900939464196485052,4193587739128
accept-in,4962413398822541011,4193591470122
accept-in,4962413398822541011,4193591476027
accept-in,4007533827907956222,4193593778662
accept-in,4007533827907956222,4193593783434
accept-in,-2243544709371464666,4193656536148
accept-in,-2243544709371464666,4193656543152
accept-in,6570933445353515952,4193740098563
accept-in,6570933445353515952,4193740107170
accept-in,9070930611492077307,4193861772031
accept-in,9070930611492077307,4193861781667
accept-in,-2692040898305322175,4193874595584
accept-in,-2692040898305322175,4193874601109
accept-in,6508378307926927935,4193892235610
accept-in,6508378307926927935,4193892241033
accept-in,3767866445248926154,4193966244621
accept-in,3767866445248926154,4193966253998
accept-in,5513584719661482320,4194019384196
accept-in,5513584719661482320,4194019388544
accept-in,462268323635552338,4194038931615
accept-in,462268323635552338,4194038936057
accept-in,5111254251029584471,4194062393202
accept-in,5111254251029584471,4194062399118
accept-in,6558975709555636053,4194064461071
accept-in,6558975709555636053,4194064465211
accept-in,-2105375162104104631,4194073125552
accept-in,-2105375162104104631,4194073131326
accept-in,6589141640526404118,4194146001490
accept-in,6589141640526404118,4194146009746
accept-in,2963244058366317352,4194165113842
accept-in,2963244058366317352,4194165118877
accept-in,8384871606603235330,4194353463234
accept-in,8384871606603235330,4194353472076
accept-in,-8405065919068849037,4194354104541
accept-in,-8405065919068849037,4194354108601
accept-in,-3689958460478797305,4194570659588
accept-in,-3689958460478797305,4194570668753
accept-in,5351130672621290644,4194685492925
accept-in,5351130672621290644,4194685497828
accept-in,-6511520777429292657,4194751543177
accept-in,-6511520777429292657,4194751551055
accept-in,-1142061850356632081,4194769814424
accept-in,-1142061850356632081,4194769819261
accept-in,-998539913286681014,4194783984455
accept-in,-998539913286681014,4194783989015
accept-in,-7645150411780488618,4194850180601
accept-in,-7645150411780488618,4194850190332
accept-in,-7334079761023927371,4194854561005
accept-in,-7334079761023927371,4194854565954
accept-in,-2504150994285157575,4194872715588
accept-in,-2504150994285157575,4194872726623
accept-in,5805938663120482438,4194881922844
accept-in,5805938663120482438,4194881928549
accept-in,41040738564817048,4195043883208
accept-in,41040738564817048,4195043891553
accept-in,5511102958006287841,4195114407773
accept-in,5511102958006287841,4195114417452
accept-in,6754594228926471077,4195233962861
accept-in,6754594228926471077,4195233973023
accept-in,-8429698260790810828,4195305948228
accept-in,-8429698260790810828,4195305958226
accept-in,-1726698697361197809,4195316041824
accept-in,-1726698697361197809,4195316046229
accept-in,4895336546009792032,4195344227089
accept-in,4895336546009792032,4195344233842
accept-in,-3957567001591345698,4195397210467
accept-in,-3957567001591345698,4195397218501
accept-in,1078320281613542589,4195434976430
accept-in,1078320281613542589,4195434979989
accept-in,5472094000423181149,4195518715888
accept-in,5472094000423181149,4195518725249
accept-in,6699155067024062913,4195609185715
accept-in,6699155067024062913,4195609203771
accept-in,-2456881126164232878,4195691233413
accept-in,-2456881126164232878,4195691243170
accept-in,7036893839468714432,4195699556269
accept-in,7036893839468714432,4195699568895
accept-in,1014183511865682791,4195719302542
accept-in,1014183511865682791,4195719307517
accept-in,1347991359025787657,4195740834506
accept-in,1347991359025787657,4195740840496
accept-in,-1064481207491396627,4195765788289
accept-in,-1064481207491396627,4195765794146
accept-in,749297346172372584,4195960790868
accept-in,749297346172372584,4195960800270
accept-in,9117840008389406428,4195974803193
accept-in,9117840008389406428,4195974808617
accept-in,244293179425806101,4196158097683
accept-in,244293179425806101,4196158105919
accept-in,5789692762523616828,4196204034701
accept-in,5789692762523616828,4196204053740
accept-in,-4776853138345125123,4196206982319
accept-in,-4776853138345125123,4196206987378
accept-in,-4636710330454991543,4196306145685
accept-in,-4636710330454991543,4196306150274
accept-in,671609117224803455,4196347251277
accept-in,671609117224803455,4196347258887
accept-in,7881455240316233615,4196368019008
accept-in,7881455240316233615,4196368024388
accept-in,7372406728153887955,4196380377696
accept-in,7372406728153887955,4196380382944
accept-in,-6377179909136744375,4196415468289
accept-in,-6377179909136744375,4196415475521
accept-in,6253751494689866192,4196515949439
accept-in,6253751494689866192,4196515958750
accept-in,-6692442818616420431,4196602618057
accept-in,-6692442818616420431,4196602628116
accept-in,3023994147643814500,4196685135108
accept-in,3023994147643814500,4196685144062
accept-in,-4440242077118470029,4196689652993
accept-in,-4440242077118470029,4196689658060
accept-in,5603346143911092394,4196694422508
accept-in,5603346143911092394,4196694425968
accept-in,-5828138521999263313,4196706421047
accept-in,-5828138521999263313,4196706425697
accept-in,-3712807368821511986,4196739779138
accept-in,-3712807368821511986,4196739786934
accept-in,4928391079253566353,4196767326848
accept-in,4928391079253566353,4196767332093
accept-in,7177820884448311407,4196791809624
accept-in,7177820884448311407,4196791812957
accept-in,5481111722589968428,4196791814647
accept-in,5481111722589968428,4196791816922
accept-in,-3268932141491145165,4196801807479
accept-in,-3268932141491145165,4196801892518
accept-in,8500962363946808147,4196860149533
accept-in,8500962363946808147,4196860158360
accept-in,-2329089561575536077,4196864984077
accept-in,-2329089561575536077,4196864988715
accept-in,-5115042594634792666,4196896492650
accept-in,-5115042594634792666,4196896497264
accept-in,-9066141960951810713,4196900246974
accept-in,-9066141960951810713,4196900248785
accept-in,7620863607733298617,4196949102422
accept-in,7620863607733298617,4196949107192
accept-in,1979041614783819785,4196975265432
accept-in,1979041614783819785,4196975270994
accept-in,6099731644857092706,4196988253789
accept-in,6099731644857092706,4196988256141
accept-in,-826988783574460068,4197179415625
accept-in,-826988783574460068,4197179419931
accept-in,-4130295824624364015,4197232508337
accept-in,-4130295824624364015,4197232517491
accept-in,1748906634996967857,4197345435712
accept-in,1748906634996967857,4197345443204
accept-in,372509455563964830,4197383387761
accept-in,372509455563964830,4197383391101
accept-in,-2892495061965573872,4197384747642
accept-in,-2892495061965573872,4197384752778
accept-in,4493381877073218361,4197479301327
accept-in,4493381877073218361,4197479309413
accept-in,-8605126020010762727,4197519927570
accept-in,-8605126020010762727,4197519932264
accept-in,8473808975580841628,4197526951900
accept-in,8473808975580841628,4197526956816
accept-in,-3782167711974976616,4197602738559
accept-in,-3782167711974976616,4197602754937
accept-in,642360840471221846,4197677251862
accept-in,642360840471221846,4197677261549
accept-in,6210898794795501608,4197782460600
accept-in,6210898794795501608,4197782468996
accept-in,-6500538180504636877,4197799986586
accept-in,-6500538180504636877,4197799991461
accept-in,5502623331763773546,4197827499418
accept-in,5502623331763773546,4197827505465
accept-in,-503083366570292223,4197879359413
accept-in,-503083366570292223,4197879365776
accept-in,8955687012339022129,4197930118082
accept-in,8955687012339022129,4197930123336
accept-in,3248906235135240191,4197942773607
accept-in,3248906235135240191,4197942782576
accept-in,7896315731003706793,4197994972732
accept-in,7896315731003706793,4197994982560
accept-in,-7230763690202314165,4198025882277
accept-in,-7230763690202314165,4198025886912
accept-in,1477140702741170519,4198037327275
accept-in,1477140702741170519,4198037334775
accept-in,-6617396500838484625,4198180906192
accept-in,-6617396500838484625,4198180916440
accept-in,2659056861721052035,4198191818956
accept-in,2659056861721052035,4198191825075
accept-in,8647050867481083889,4198286265146
accept-in,8647050867481083889,4198286269371
accept-in,3815199115061316302,4198365936893
accept-in,3815199115061316302,4198365944125
accept-in,-7788821302651689998,4198369985960
accept-in,-7788821302651689998,4198369989840
accept-in,-3991508787238927686,4198402160434
accept-in,-3991508787238927686,4198402164260
accept-in,-8806574406533490681,4198424105435
accept-in,-8806574406533490681,4198424110954
accept-in,6926694743559835967,4198458636418
accept-in,6926694743559835967,4198458643167
accept-in,-4301252081383693623,4198546319307
accept-in,-4301252081383693623,4198546329509
accept-in,-3638496829189272019,4198655647261
accept-in,-3638496829189272019,4198655657098
accept-in,-8792978039124888466,4198776153935
accept-in,-8792978039124888466,4198776163083
accept-in,-3866629897231862191,4198852376570
accept-in,-3866629897231862191,4198852386371
accept-in,5434631463229230474,4198949392474
accept-in,5434631463229230474,4198949400621
accept-in,6502420500518204036,4198956773758
accept-in,6502420500518204036,4198956779457
accept-in,-7898011139300319359,4199030049169
accept-in,-7898011139300319359,4199030058923
accept-in,-3083943376631283913,4199034381004
accept-in,-3083943376631283913,4199034383859
accept-in,126076921466696692,4199111989936
accept-in,126076921466696692,4199111998145
accept-in,-728489763054657739,4199201612902
accept-in,-728489763054657739,4199201617652
accept-in,845254654768844522,4199258091307
accept-in,845254654768844522,4199258100382
accept-in,5997169959154120847,4199328151406
accept-in,5997169959154120847,4199328160288
accept-in,-5292103996378145563,4199440822245
accept-in,-5292103996378145563,4199440831696
accept-in,-147899169254302931,4199589983637
accept-in,-147899169254302931,4199589993369
accept-in,-6009359198409131230,4199714355337
accept-in,-6009359198409131230,4199714364153
accept-in,-9009758300536724736,4199718292330
accept-in,-9009758300536724736,4199718297545
accept-in,-6138732166702082780,4199731331570
accept-in,-6138732166702082780,4199731337692
accept-in,-8132599544365650464,4199754295285
accept-in,-8132599544365650464,4199754312133
accept-in,4491842767614680531,4199756533854
accept-in,4491842767614680531,4199756537804
accept-in,5183683221224917245,4199818881166
accept-in,5183683221224917245,4199818890710
accept-in,6888653259822837725,4199889102273
accept-in,6888653259822837725,4199889117707
accept-in,-7755231859100300350,4199960129959
accept-in,-7755231859100300350,4199960140479
accept-in,-8196484474754155542,4200000812741
accept-in,-8196484474754155542,4200000821939
accept-in,2864881807273801315,4200095467191
accept-in,2864881807273801315,4200095476531
accept-in,-8885154789017373623,4200168363962
accept-in,-8885154789017373623,4200168373720
accept-in,-3776599101812445391,4200230164764
accept-in,-3776599101812445391,4200230173377
accept-in,-3082466482414961430,4200289900580
accept-in,-3082466482414961430,4200289910279
accept-in,-4942416360881200292,4200371349629
accept-in,-4942416360881200292,4200371358342
accept-in,5620653971030451538,4200432709165
accept-in,5620653971030451538,4200432717341
accept-in,-5944176156055425858,4200517353468
accept-in,-5944176156055425858,4200517362680
accept-in,-47187182613620979,4200550287173
accept-in,-47187182613620979,4200550296166
accept-in,-2103467572918231021,4200568272052
accept-in,-2103467572918231021,4200568278080
accept-in,2098730785794892494,4200587955233
accept-in,2098730785794892494,4200587964941
accept-in,525456522134418590,4200599811228
accept-in,525456522134418590,4200599817130
accept-in,-7045564412238459746,4200610174816
accept-in,-7045564412238459746,4200610180868
accept-in,861153840340630108,4200621127255
accept-in,861153840340630108,4200621131724
accept-in,854040474012726419,4200652612207
accept-in,854040474012726419,4200652617461
accept-in,-8301722170657556614,4200678009273
accept-in,-8301722170657556614,4200678015124
accept-in,-8895287781243468251,4200784310273
accept-in,-8895287781243468251,4200784319226
accept-in,-3613604688427761840,4200789497385
accept-in,-3613604688427761840,4200789503147
accept-in,-2729612496322319097,4200910723913
accept-in,-2729612496322319097,4200910733050
accept-in,-3814940157634008178,4201026978401
accept-in,-3814940157634008178,4201026988037
accept-in,-5350300310009710768,4201096669014
accept-in,-5350300310009710768,4201096679258
accept-in,-5885889680381827577,4201139426997
accept-in,-5885889680381827577,4201139436275
accept-in,-6369051233406255587,4201296782126
accept-in,-6369051233406255587,4201296791751
accept-in,8064529532930980443,4201335786022
accept-in,8064529532930980443,4201335792582
accept-in,4455226693316082192,4201395087935
accept-in,4455226693316082192,4201395097248
accept-in,2845000598554315005,4201526530884
accept-in,2845000598554315005,4201526541212
accept-in,-5094882387934778607,4201571433659
accept-in,-5094882387934778607,4201571443107
accept-in,-1514192073589342183,4201592724422
accept-in,-1514192073589342183,4201592727425
accept-in,3894304729756209295,4201662151791
accept-in,3894304729756209295,4201662160978
accept-in,-1058340229638343396,4201674041653
accept-in,-1058340229638343396,4201674048664
accept-in,8265492709471267309,4201676916654
accept-in,8265492709471267309,4201676921200
accept-in,6275979988379252484,4201718785510
accept-in,6275979988379252484,4201718793952
accept-in,-4266187439400575132,4201735198245
accept-in,-4266187439400575132,4201735206875
accept-in,-6910729621959913777,4201751011113
accept-in,-6910729621959913777,4201751018353
accept-in,-8232044658071805667,4201766516069
accept-in,-8232044658071805667,4201766523266
accept-in,1229525247993987177,4201766659706
accept-in,1229525247993987177,4201766664069
accept-in,-6134661214882123478,4201838210319
accept-in,-6134661214882123478,4201838219544
accept-in,1458115701447368442,4201916504851
accept-in,1458115701447368442,4201916515548
accept-in,4418379213380673832,4202069290667
accept-in,4418379213380673832,4202069299665
accept-in,-4671033581881063831,4202081414617
accept-in,-4671033581881063831,4202081419429
accept-in,5230100964994412065,4202089067279
accept-in,5230100964994412065,4202089069896
accept-in,-7472826019299323037,4202104568512
accept-in,-7472826019299323037,4202104572462
accept-in,3854499068705840537,4202121815521
accept-in,3854499068705840537,4202121822092
accept-in,8138407394614242623,4202171985253
accept-in,8138407394614242623,4202171995551
accept-in,-6822915146552027119,4202267769358
accept-in,-6822915146552027119,4202267778572
accept-in,-1754812173099424147,4202271771432
accept-in,-1754812173099424147,4202271774049
accept-in,-1403391316973629599,4202289666060
accept-in,-1403391316973629599,4202289669464
accept-in,-4165941945112614909,4202314457318
accept-in,-4165941945112614909,4202314466650
accept-in,-3581300990319381670,4202362581272
accept-in,-3581300990319381670,4202362588330
accept-in,-3113233675149763538,4202419410843
accept-in,-3113233675149763538,4202419418220
accept-in,-3311519246182313372,4202636935298
accept-in,-3311519246182313372,4202636944402
accept-in,-2046871322089687595,4202673684860
accept-in,-2046871322089687595,4202673692815
accept-in,6306083617077502063,4202697637060
accept-in,6306083617077502063,4202697642755
accept-in,-6704925725936941281,4202717381953
accept-in,-6704925725936941281,4202717388835
accept-in,-7155909978958842575,4202740949930
accept-in,-7155909978958842575,4202740955992
accept-in,-2131870258470239800,4202762132733
accept-in,-2131870258470239800,4202762138773
accept-in,6019659732739001476,4202790388029
accept-in,6019659732739001476,4202790395018
accept-in,8121100039741126960,4202800538544
accept-in,8121100039741126960,4202800542674
accept-in,171579670721593469,4202963921082
accept-in,171579670721593469,4202963930852
accept-in,-3179510589714470400,4202974398846
accept-in,-3179510589714470400,4202974404562
accept-in,-8142897259427231092,4202984520729
accept-in,-8142897259427231092,4202984526465
accept-in,695565588034876139,4203028621947
accept-in,695565588034876139,4203028631169
accept-in,-6213464325256605495,4203032849691
accept-in,-6213464325256605495,4203032852215
accept-in,-382255496272213391,4203038931164
accept-in,-382255496272213391,4203038935495
accept-in,4015273256128805740,4203190720995
accept-in,4015273256128805740,4203190730313
accept-in,5068110946114389303,4203202229484
accept-in,5068110946114389303,4203202234193
accept-in,1028284545350600583,4203210539381
accept-in,1028284545350600583,4203210544712
accept-in,-2834273962903871443,4203243888202
accept-in,-2834273962903871443,4203243896131
accept-in,3173907936336712729,4203541881885
accept-in,3173907936336712729,4203541891667
accept-in,-5487213465381910115,4203683874722
accept-in,-5487213465381910115,4203683883785
accept-in,2662629330055910441,4203695993759
accept-in,2662629330055910441,4203695998128
accept-in,-4180194688337797732,4203762676115
accept-in,-4180194688337797732,4203762683382
accept-in,-4478265751934810210,4203785672206
accept-in,-4478265751934810210,4203785678044
accept-in,-3120838685700766935,4203797916430
accept-in,-3120838685700766935,4203797922400
accept-in,7306392327125292718,4203818528061
accept-in,7306392327125292718,4203818533853
accept-in,3916833639625314287,4203901485266
accept-in,3916833639625314287,4203901494524
accept-in,4380137856524545694,4203970415482
accept-in,4380137856524545694,4203970424512
accept-in,4417655355138320229,4204047384186
accept-in,4417655355138320229,4204047393328
accept-in,-8409740323956454079,4204083981018
accept-in,-8409740323956454079,4204083989976
accept-in,7577044829000665346,4204109187935
accept-in,7577044829000665346,4204109191824
accept-in,6580136419559084966,4204212666296
accept-in,6580136419559084966,4204212673527
accept-in,8265072344372213398,4204230064650
accept-in,8265072344372213398,4204230071735
accept-in,-1856698271281647107,4204336904731
accept-in,-1856698271281647107,4204336913744
accept-in,5941780438238694301,4204393977606
accept-in,5941780438238694301,4204393987409
accept-in,6412490571049576476,4204464493650
accept-in,6412490571049576476,4204464501918
accept-in,-4679355145569136832,4204575940055
accept-in,-4679355145569136832,4204575950696
accept-in,-6369530775214688361,4204618185825
accept-in,-6369530775214688361,4204618193794
accept-in,-6969202809213498268,4204623964453
accept-in,-6969202809213498268,4204623969167
accept-in,-886888192746543083,4204627258050
accept-in,-886888192746543083,4204627263987
accept-in,3710777949666754687,4204631844585
accept-in,3710777949666754687,4204631850384
accept-in,2219830147559363273,4204650549130
accept-in,2219830147559363273,4204650554018
accept-in,2259808456304438523,4204687802766
accept-in,2259808456304438523,4204687808798
accept-in,-5580900962675875048,4204687810562
accept-in,-5580900962675875048,4204687813091
accept-in,4000182061535692320,4204881310507
accept-in,4000182061535692320,4204881320877
accept-in,-2851207053477015686,4204892412822
accept-in,-2851207053477015686,4204892418456
accept-in,5929269645719303787,4204915561845
accept-in,5929269645719303787,4204915567878
accept-in,5537446665177801435,4205003677019
accept-in,5537446665177801435,4205003685722
accept-in,5755542778058774637,4205069763903
accept-in,5755542778058774637,4205069781589
accept-in,7721266582568925190,4205090303999
accept-in,7721266582568925190,4205090310821
accept-in,2046170732933502125,4205172185553
accept-in,2046170732933502125,4205172196340
accept-in,6062253594151030364,4205192831778
accept-in,6062253594151030364,4205192837159
accept-in,-4499826183768433082,4205283934111
accept-in,-4499826183768433082,4205283938534
accept-in,7887181757597861970,4205287539626
accept-in,7887181757597861970,4205287543778
accept-in,-1937075167881103270,4205329003456
accept-in,-1937075167881103270,4205329012902
accept-in,-3656400199800551023,4205344460234
accept-in,-3656400199800551023,4205344469599
accept-in,3873629371164846640,4205362361274
accept-in,3873629371164846640,4205362370033
accept-in,-6151189342964220349,4205405375905
accept-in,-6151189342964220349,4205405382523
accept-in,-6528111554574063027,4205405384488
accept-in,-6528111554574063027,4205405386510
accept-in,8880135587237999651,4205477677591
accept-in,8880135587237999651,4205477682509
accept-in,-6671599011722031536,4205497070681
accept-in,-6671599011722031536,4205497077675
accept-in,6880434777243439334,4205500273550
accept-in,6880434777243439334,4205500278120
accept-in,-4262965790957540766,4205522991404
accept-in,-4262965790957540766,4205522998429
accept-in,8916752537698797076,4205662279804
accept-in,8916752537698797076,4205662288164
accept-in,-4700741240510103848,4205718143695
accept-in,-4700741240510103848,4205718151987
accept-in,-469263993140233349,4205829872733
accept-in,-469263993140233349,4205829881590
accept-in,186286936946614142,4205853478680
accept-in,186286936946614142,4205853484674
accept-in,2061946451075951107,4205925082525
accept-in,2061946451075951107,4205925091034
accept-in,92423731771444032,4205995504223
accept-in,92423731771444032,4205995513884
accept-in,5609799468224356934,4206119779470
accept-in,5609799468224356934,4206119788399
accept-in,5208428818382571602,4206180760270
accept-in,5208428818382571602,4206180769190
accept-in,-4555591178898912599,4206188200079
accept-in,-4555591178898912599,4206188206485
accept-in,-1309751157130017341,4206201337669
accept-in,-1309751157130017341,4206201340861
accept-in,4197990882955049715,4206233687087
accept-in,4197990882955049715,4206233694589
accept-in,2931358029866700688,4206250633610
accept-in,2931358029866700688,4206250640544
accept-in,729229667913992439,4206299193638
accept-in,729229667913992439,4206299203032
accept-in,-3114962269169210823,4206341406677
accept-in,-3114962269169210823,4206341416539
accept-in,3305509366719596678,4206390359028
accept-in,3305509366719596678,4206390368435
accept-in,-5364427475646474950,4206397851882
accept-in,-5364427475646474950,4206397858199
accept-in,-3952526419747661635,4206481834226
accept-in,-3952526419747661635,4206481837966
accept-in,4976315211556112331,4206509108736
accept-in,4976315211556112331,4206509112209
accept-in,-8878295695575709574,4206523605099
accept-in,-8878295695575709574,4206523609487
accept-in,323003635456844285,4206572109400
accept-in,323003635456844285,4206572118991
accept-in,-6636127451725745280,4206663855425
accept-in,-6636127451725745280,4206663865349
accept-in,8877659832957605918,4206673086575
accept-in,8877659832957605918,4206673092009
accept-in,-6554450359608588880,4206724306156
accept-in,-6554450359608588880,4206724316287
accept-in,5506603121277637208,4206782800336
accept-in,5506603121277637208,4206782813419
accept-in,-8997669092132795652,4206849204070
accept-in,-8997669092132795652,4206849212466
accept-in,5032877994067645673,4206866615430
accept-in,5032877994067645673,4206866623847
accept-in,380105210596345102,4206928006492
accept-in,380105210596345102,4206928016072
accept-in,2931181473921643191,4206957859460
accept-in,2931181473921643191,4206957863473
accept-in,-215204791980974951,4207096368718
accept-in,-215204791980974951,4207096378689
accept-in,8074741503228803320,4207127950798
accept-in,8074741503228803320,4207127960503
