sink-receive,4561714572154635533,15164248362869
sink-receive,1198304143396046093,15164303242844
sink-receive,2880752075732418597,15164625935077
sink-receive,79978153681879077,15164640823157
sink-receive,8829525013280325669,15164646617223
sink-receive,8116228746115022885,15164656166531
sink-receive,-5140787772675588059,15164706885485
sink-receive,-7930716468512030683,15164800142156
sink-receive,-8877750980549017563,15164837071356
sink-receive,-8546064305685004251,15164906950136
sink-receive,-4273356639769198555,15164937140809
sink-receive,-538381499242643419,15164950780102
sink-receive,2730841039744008229,15164960961438
sink-receive,3865962426054737957,15164988507671
sink-receive,4139742247300104229,15164988762132
sink-receive,-6536809704750841819,15165026395149
sink-receive,-3137242304264273883,15165037558872
sink-receive,-6561758800406118363,15165055638650
sink-receive,4902296429231341605,15165095153667
sink-receive,-7783909212114911195,15165101417652
sink-receive,-7506419604277690331,15165139666200
sink-receive,3259345514365190181,15165156123075
sink-receive,3004230044735242710,15165157457003
sink-receive,-870695870692065243,15165157617417
sink-receive,4082054054761464278,15165239416697
sink-receive,-8918508716949503530,15165242134741
sink-receive,753858835956892118,15165250696373
sink-receive,-3781229936849715163,15165251348881
sink-receive,1861134265660473814,15165258101234
sink-receive,3947651071937085910,15165337639475
sink-receive,-1695925982092852778,15165365115234
sink-receive,-5399156710097027035,15165380622478
sink-receive,4425550944796672467,15165429113535
sink-receive,-1324284686763032109,15165470721005
sink-receive,-7450913521413389869,15165509675098
sink-receive,-9005037610585817051,15165557004851
sink-receive,-5151447336043413467,15165569269006
sink-receive,-2256702853861081051,15165597204956
sink-receive,-4968220397653720621,15165651423844
sink-receive,-3779909642428087853,15165665662110
sink-receive,1550937000100495827,15165710846233
sink-receive,7982020802050523603,15165722654832
sink-receive,4143952895798149587,15165766009985
sink-receive,-7345676523329814061,15165766499491
sink-receive,-6830564499766902317,15165830597160
sink-receive,1111796217790071251,15165888845432
sink-receive,7992649999999566291,15165916146840
sink-receive,2696478496762364371,15165919430940
sink-receive,5988157907911312851,15165952148868
sink-receive,-5562090774121676333,15165956639181
sink-receive,-1478421811656915501,15165966982102
sink-receive,-5580337354268212781,15165987546934
sink-receive,1910284402517082579,15166002545832
sink-receive,5977750901505393107,15166045497676
sink-receive,-4675181526441262637,15166066384618
sink-receive,1924299778452095443,15166068453739
sink-receive,2543966879551062483,15166081316331
sink-receive,-6951629689286819373,15166082468148
sink-receive,-2580368887753211437,15166089167198
sink-receive,3217486093083477459,15166091342358
sink-receive,978627372343362003,15166113308301
sink-receive,-5606643874337389101,15166130280560
sink-receive,-6961518928795269677,15166133930763
sink-receive,-6765543118721776173,15166175840038
sink-receive,-6612512686640986669,15166206417840
sink-receive,-7769047766277290541,15166234719469
sink-receive,-3512772129839905325,15166239375714
sink-receive,-8656580381216079760,15166307103832
sink-receive,-8444057153072791440,15166317426672
sink-receive,-8030189500225288749,15166359937400
sink-receive,4415742390543844819,15166385152301
sink-receive,-2423460448096483885,15166393970151
sink-receive,5844354659015198163,15166408666318
sink-receive,-1109339539446430512,15166408754572
sink-receive,2091058476494095568,15166412139013
sink-receive,-6604221041822661424,15166447415614
sink-receive,-9113382983875689005,15166454098601
sink-receive,5751997954319713488,15166460703507
sink-receive,-4488891357246520112,15166464479844
sink-receive,-2755219132382181933,15166473866867
sink-receive,5860641359685222512,15166492672354
sink-receive,866287095352657104,15166628794315
sink-receive,-1999451681678424881,15168910314319
sink-receive,-8180257628937517873,15168920706378
sink-receive,-4446902700398869297,15168960928707
sink-receive,-1321340259048356657,15168961671183
sink-receive,8061335993170527439,15168967411957
sink-receive,3475703577073157327,15168970407690
sink-receive,7248906177096975567,15168973652234
sink-receive,-7013785682900417329,15168983632642
sink-receive,6853254313775465679,15169002643277
sink-receive,5567828442407240911,15169017517373
sink-receive,5764615009162233039,15169021783525
sink-receive,2062509133092881615,15169024250848
sink-receive,-3137823035382299441,15169034054073
sink-receive,2534848861550150863,15169035457410
sink-receive,5757023220674856143,15169083642821
sink-receive,-9057903254930717489,15169095331598
sink-receive,-1910196871083588401,15169115204727
sink-receive,-288395470399601457,15169128722849
sink-receive,-7005790901926624049,15169131998728
sink-receive,3232572440588584143,15169138404370
sink-receive,8215846088729429199,15169165674849
sink-receive,-6300702841249987377,15169185359931
sink-receive,-4655520068103306033,15169201684536
sink-receive,-4094292083035077425,15169205472046
sink-receive,-5799748387104357082,15169228315384
sink-receive,8540686525594075917,15169251567865
sink-receive,1391755113994912525,15169284011367
sink-receive,2550632668794454797,15169294985296
sink-receive,5285356406218687578,15169626884103
sink-receive,-7612045928261745574,15169636419374
sink-receive,7964594474758177882,15169638438224
sink-receive,42706556336211034,15169670139980
sink-receive,-2395158967257922470,15169674539539
sink-receive,-7193587466475928486,15169675534287
sink-receive,2926823575736288346,15169695780158
sink-receive,-51005309325409416,15170199612843
sink-receive,-857465717857975432,15170216524773
sink-receive,-4019379903408372872,15170217037148
sink-receive,3107612467350471750,15170426627046
sink-receive,-8993821144578522042,15170431446186
sink-receive,636897633717191750,15170444433612
sink-receive,5020819079716406342,15170459660477
sink-receive,-3461597985350089658,15170465068913
sink-receive,4933449527836279878,15170474341156
sink-receive,-3317812955705244602,15170478244330
sink-receive,-2865618513651825594,15170496279744
sink-receive,-4640973932994755514,15170508594228
sink-receive,104035287708992582,15170518992733
sink-receive,-2112883163830156595,15172535599482
sink-receive,7179616036646290125,15172544449231
sink-receive,-1017875363314793779,15172555525451
sink-receive,6007564228012016333,15172560013058
sink-receive,-2324948741733219635,15172572830636
sink-receive,-700412718192000307,15172577007374
sink-receive,-7452195251323665715,15172577566535
sink-receive,2539014404301652685,15172589844431
sink-receive,363699419763181203,15172710930707
sink-receive,206078170154141331,15172711194846
sink-receive,4061160688133867155,15172712503373
sink-receive,-361361712013637997,15172721411464
sink-receive,4984082021115496083,15172724077170
sink-receive,8351516735446189715,15172737777891
sink-receive,3082297577920530067,15172755400750
sink-receive,-3667555449743341933,15172795505316
sink-receive,4617199940391667303,15173331490222
sink-receive,6119503007164925543,15173344448834
sink-receive,2165556870383207,15173355275302
sink-receive,2006795938315634279,15173355970848
sink-receive,3199474108345615975,15173372584390
sink-receive,5244887476304086083,15173596981700
sink-receive,2968770296523260995,15173623516893
sink-receive,-3751875102396906429,15173630669684
sink-receive,-8667341035229150141,15173638049170
sink-receive,412663133564306499,15173656968086
sink-receive,729105934407697475,15173667617987
sink-receive,-2347891357516823485,15173676986028
sink-receive,-8874093532428630973,15173716611918
sink-receive,-4253393395554188221,15173719978798
sink-receive,-7164932557073546173,15173726276936
sink-receive,-275406411259706301,15173728887002
sink-receive,1291453969637311555,15173752548637
sink-receive,394830824488305731,15173775971556
sink-receive,1198304143396045891,15173779246469
sink-receive,-1729981980373679037,15173793582628
sink-receive,5773447042470773827,15173794616182
sink-receive,-7126319456757742525,15173805360354
sink-receive,2627480646016042374,15174869054930
sink-receive,-5237920652802914938,15174900417924
sink-receive,-1360926014837881466,15174912637904
sink-receive,-4343297287376599674,15174914405602
sink-receive,5313723582877009286,15174920656303
sink-receive,-1812306663667923578,15174942362303
sink-receive,-6441278340618779258,15174945622346
sink-receive,-5555800171746425466,15174957214281
sink-receive,51874112489915782,15174959852787
sink-receive,9142134418373084550,15175012815552
sink-receive,-5649566415988980346,15175021395361
sink-receive,2916963726689043846,15175037493734
sink-receive,4504002362158876038,15175045413961
sink-receive,8074830724579984774,15175053451592
sink-receive,-7070889248785693306,15175061418401
sink-receive,-2403094950129433210,15175085930254
sink-receive,-5951386966313400954,15175092684603
sink-receive,5741181053414933894,15175109572416
sink-receive,611757343297766790,15175115395297
sink-receive,3424542957435356550,15175125971453
sink-receive,1849566767681111430,15175190123677
sink-receive,2653306000899048838,15175192547912
sink-receive,5052973996623005062,15175221972334
sink-receive,4662318546066343302,15175228727499
sink-receive,4153113030248367494,15175233450685
sink-receive,1731561110999401862,15175242401177
sink-receive,-5127400939434539642,15175243636247
sink-receive,-6003614185244588666,15175243770687
sink-receive,7072928503552804230,15175245246500
sink-receive,8460932229902632326,15175246401075
sink-receive,-1542352451397483130,15175247220642
sink-receive,-487531981265959546,15175264123650
sink-receive,-5866214569378052730,15175267959739
sink-receive,-5850069710002977402,15175270322703
sink-receive,3568635111601603974,15175274152901
sink-receive,-6766549236285700730,15175286484367
sink-receive,2744790067024233862,15175287639310
sink-receive,-5493190582341728890,15175288632314
sink-receive,-6607887320395807354,15175300031764
sink-receive,-6124842480442538618,15175332037540
sink-receive,-3100439395224779386,15175344951647
sink-receive,3758410303159666054,15175346901792
sink-receive,-7632469472711801466,15175357479541
sink-receive,7574357869412222342,15175359590674
sink-receive,8723413512610645382,15175361370303
sink-receive,2176181116233319814,15175372949805
sink-receive,-916662152587115130,15175373509555
sink-receive,-6191207838358960762,15175386534370
sink-receive,305940270069843334,15175387327470
sink-receive,8216341384358004102,15175390366342
sink-receive,-8721969420051675770,15175400807761
sink-receive,-2389873846791436922,15175406497457
sink-receive,-8350484525955938938,15175410090491
sink-receive,-8892585767524629114,15175422372578
sink-receive,-8776827585624537722,15175430282551
sink-receive,1137055225400525777,15175824917586
sink-receive,-3535952381869030447,15175827078189
sink-receive,9135228450263532497,15175831781237
sink-receive,301257484406883281,15175832658887
sink-receive,-6195976948569603119,15175832855044
sink-receive,-1958424195561946159,15175834288717
sink-receive,-3028068629351496751,15175836535178
sink-receive,7697390733774291921,15175844918430
sink-receive,6828297560193499502,15176293982842
sink-receive,3145380459836342638,15176302739936
sink-receive,5958861442064056686,15176350621356
sink-receive,636897633717190740,15176656640886
sink-receive,-8402289772940230572,15176669341036
sink-receive,1116102983361232980,15176671322480
sink-receive,-7512032520943173548,15176682108692
sink-receive,4535733683620937812,15176694770240
sink-receive,1133206956178145364,15176700748974
sink-receive,2241359946484547668,15176713947988
sink-receive,-5178020199919517612,15176742008244
sink-receive,175508976648061012,15176743044038
sink-receive,-2782360873266577324,15176744690605
sink-receive,-6482440074528030636,15176763428328
sink-receive,-1977569261391970220,15176767312872
sink-receive,7953888624527802452,15176770116651
sink-receive,159160235175444564,15176773882570
sink-receive,-9150969995029643180,15176785710044
sink-receive,6192073579211784276,15176799122755
sink-receive,156111113337962580,15176802972918
sink-receive,-4615726388652015532,15176806489358
sink-receive,-4104845569300627372,15176807199849
sink-receive,-4168158335045992364,15176813058352
sink-receive,-1302392005799706540,15176817943580
sink-receive,651030567202062420,15176819109313
sink-receive,-4655558877427793836,15176829588213
sink-receive,-121037534225498028,15176833313990
sink-receive,5186362233294159956,15176835280831
sink-receive,-6162625410824667052,15176859991101
sink-receive,-5397232929820639148,15176860697669
sink-receive,-882076047967780780,15176862434733
sink-receive,5020819079716405332,15176865652260
sink-receive,3532662393970622548,15176873313039
sink-receive,-8419026757981568940,15176882820617
sink-receive,-2865618513651826604,15176885677400
sink-receive,-7250467406299004844,15176890409149
sink-receive,2976772215732699220,15176896006534
sink-receive,6820091509778417196,15177169285604
sink-receive,6684797518808614444,15177172985779
sink-receive,-7551174507826772436,15177175619277
sink-receive,-3307460177556404692,15177176042561
sink-receive,8536641233336927489,15177194111515
sink-receive,-5472891961310444287,15177194789279
sink-receive,-1264297406820776703,15177195480742
sink-receive,-5686146562254699263,15177195497478
sink-receive,4242643938520859905,15177250861125
sink-receive,1558023249462298046,15178479934596
sink-receive,-587069751021271618,15178494095473
sink-receive,4867166770730894782,15178505531273
sink-receive,7335298374809159102,15178508121092
sink-receive,-6290134395613346370,15178511046192
sink-receive,-5244774488599427650,15178513499041
sink-receive,-2549234528090585666,15178515307562
sink-receive,6345747938559395262,15178540403971
sink-receive,-4061119619656579650,15178541578272
sink-receive,-1143518652964796994,15178558499745
sink-receive,-3746589406404803138,15178561775382
sink-receive,-4243793641136454210,15178602037605
sink-receive,-8233023204839389762,15178611995104
sink-receive,-3982023343019653698,15178612652243
sink-receive,-144767061032172098,15178644340581
sink-receive,-1801625771492506178,15178650164855
sink-receive,-5880798573213252162,15178671986547
sink-receive,8342975664697116094,15178673481237
sink-receive,-6740368532988492354,15178682285841
sink-receive,-3887706617113737794,15178693177584
sink-receive,4916209091023472062,15178709101358
sink-receive,9014907724604900798,15178710734002
sink-receive,-1094514940133243458,15178719937379
sink-receive,1691689653985347006,15178720614153
sink-receive,7698582436875077054,15178764531554
sink-receive,-328072683222727234,15178766230203
sink-receive,-6721184528984963650,15178766860704
sink-receive,4826043867620966640,15179218777937
sink-receive,-3445523537668865808,15179315150793
sink-receive,3798776475981710438,15179490219029
sink-receive,6742509922077901926,15179492751613
sink-receive,5434857418859218024,15179911354661
sink-receive,-2109233502485478296,15179912125699
sink-receive,-1306173552705141493,15180104361812
sink-receive,2525039693116997794,15181576018924
sink-receive,-333561698671656798,15181576234582
sink-receive,83846656495190869,15181577237176
sink-receive,8790762637081183061,15181578163857
sink-receive,8056010165004010325,15181592790943
sink-receive,3564385181332669269,15181600134776
sink-receive,-5168179918743273142,15185136217638
sink-receive,-2947849652558364342,15185141202657
sink-receive,206898727951008074,15185142933091
sink-receive,4562964102695092609,15186646739816
sink-receive,6727615469416612225,15186648932635
sink-receive,-3254639858001378943,15186650589850
sink-receive,-3226273278343511219,15187422606648
sink-receive,745113131491001165,15187427023723
sink-receive,1366038116841817061,15188160378263
sink-receive,-2802080635785575451,15188162741706
sink-receive,8347791413957624805,15188182643326
sink-receive,-2588996514978200603,15188184649446
sink-receive,-5064731619919658011,15188191893917
sink-receive,3009449718490072037,15188195581556
sink-receive,1619111325227549669,15188199866140
sink-receive,6389172450218738661,15188201495399
sink-receive,-9126818234283064347,15188208987038
sink-receive,8602281819817116645,15188223684013
sink-receive,-94055716448369691,15188225251740
sink-receive,4375115341408240613,15188240156816
sink-receive,-7315809041580555291,15188241457852
sink-receive,-4627471758406974491,15188243692115
sink-receive,4373143324354151397,15188246356954
sink-receive,-5310855485321116699,15188248611406
sink-receive,7728778036945880037,15188250799212
sink-receive,-2958979188427586587,15188258476961
sink-receive,3625944247506568036,15189244826826
sink-receive,-4430332338613779612,15189250478560
sink-receive,8285050566057395044,15189250893773
sink-receive,-4997839458494577820,15189251261235
sink-receive,-998026678762470556,15189271170396
sink-receive,-8777330736748297372,15189272739080
sink-receive,-1046552786935741596,15189278039043
sink-receive,-7541115063059348636,15189280835456
sink-receive,83846656495190061,15189552793362
sink-receive,8145051550083973165,15189556415248
sink-receive,2928072191448711213,15189557277700
sink-receive,8790762637081182253,15189573523267
sink-receive,-1801200367866740691,15189600666846
sink-receive,-2341355186091458515,15189606250716
sink-receive,7281846849680441389,15189611306566
sink-receive,4513133170572394541,15189619035263
sink-receive,-3394346790428868563,15189622675921
sink-receive,-1011335094490628051,15189631295937
sink-receive,-8568394218614030291,15189632086943
sink-receive,-3561548329663856595,15189634165182
sink-receive,-758724308053786579,15189634231329
sink-receive,7915351472118693933,15189644979745
sink-receive,137181345628553261,15189660841446
sink-receive,-2980510812965175251,15189666704839
sink-receive,7774760884529791021,15189666782135
sink-receive,2731888161360707629,15189672220967
sink-receive,3617486056741404717,15189674638578
sink-receive,6123508497960140845,15189675906134
sink-receive,475767477431697453,15189676350519
sink-receive,-1084925686910549971,15189677043701
sink-receive,1927118239070945325,15189677317952
sink-receive,-2239092697673498579,15189678715374
sink-receive,6799761556960706605,15189688720109
sink-receive,8568948024582078509,15189705914891
sink-receive,6773771361232879661,15189727228073
sink-receive,-8677489793841496019,15189732864589
sink-receive,5554838382539964461,15189733288650
sink-receive,-3130897718445080531,15189734321702
sink-receive,2382709270111060013,15189757241693
sink-receive,1024600732344516653,15189770989011
sink-receive,-6033040951809671123,15189775550339
sink-receive,1923254456426692653,15189793297961
sink-receive,8693867019537219629,15189804419998
sink-receive,-3637372515531096019,15189810870132
sink-receive,4453673342678859821,15189811541273
sink-receive,-9169537112880447443,15189813744802
sink-receive,-5531948706523249118,15190305461777
sink-receive,-4435577498704542174,15190307994484
sink-receive,-1793513643422251486,15190308883597
sink-receive,-1223474047614974733,15191100627420
sink-receive,106710884830676211,15191100926253
sink-receive,-8115881871671294733,15191102532588
sink-receive,-5531948706523249421,15191109681362
sink-receive,7057621914419724394,15191501023154
sink-receive,-6657444706051423020,15191673065835
sink-receive,-1681902527324355372,15191679578973
sink-receive,4918974719249614036,15191683366057
sink-receive,-9149518575256468268,15191688333098
sink-receive,-2680585580168870700,15191691569484
sink-receive,-2890577633760770860,15191717090045
sink-receive,-797598632575499052,15191729594826
sink-receive,-4413328455714733634,15191862351907
sink-receive,-6597414991832284738,15191868656668
sink-receive,-9047134307335798338,15191869734421
sink-receive,576361482724312686,15192070048604
sink-receive,6187126966592734830,15192074361566
sink-receive,2741615527846740077,15192146185902
sink-receive,2915752962523398253,15192168133982
sink-receive,4873309136604889197,15192174191512
sink-receive,6433556363082727533,15192178307243
sink-receive,4883448149936439405,15192180547028
sink-receive,4671090196429668461,15192183904011
sink-receive,-4872792679672446618,15192535258892
sink-receive,-3974576651412438682,15192535391998
sink-receive,6540209459128435035,15193039213258
sink-receive,-290815538442010277,15193039409127
sink-receive,-2229474934457892037,15195080218194
sink-receive,-4357741588810562757,15195090187644
sink-receive,510617602280653627,15195098413978
sink-receive,2333731752285045563,15195100258717
sink-receive,4402525131201577787,15195106108319
sink-receive,6853254313775465275,15195110033643
sink-receive,2062509133092881211,15195114571071
sink-receive,5567828442407240507,15195117536918
sink-receive,-4710253301667462341,15195118508272
sink-receive,-2575548310949461189,15195119934362
sink-receive,5764615009162232635,15195120884454
sink-receive,4775696607414846267,15195134544665
sink-receive,4855949806507393851,15195141820715
sink-receive,-3471989263585770693,15195142941746
sink-receive,-9057903254930717893,15195163295282
sink-receive,1246880103254721339,15195164698685
sink-receive,1767673930463576891,15195166206476
sink-receive,-7067453524056997061,15195179838386
sink-receive,-7693897319044873413,15195194662274
sink-receive,7735508108964791099,15195203583376
sink-receive,-628990057759374533,15195207629004
sink-receive,-2190949146532248788,15196422363637
sink-receive,-3565136173544242388,15196423493010
sink-receive,-7903420564071513300,15196427482323
sink-receive,-6867558092469435604,15196431407260
sink-receive,5885345191233061676,15196434002883
sink-receive,-6892432575952846036,15196458440182
sink-receive,-5184661035402919124,15196480696665
sink-receive,8800792815941452588,15196481308880
sink-receive,-5597657625933118676,15196481544784
sink-receive,952248155657732953,15196827069031
sink-receive,-6949124804230250426,15198171494578
sink-receive,2905848664859607110,15198183463561
sink-receive,-7889018237352935354,15198194957985
sink-receive,-7593262962534514618,15198220575420
sink-receive,-5728240630484697018,15198236333444
sink-receive,-8668141093147115450,15198239615047
sink-receive,5903480295503429702,15198240436019
sink-receive,2908547283005997126,15198267445178
sink-receive,-2942551380902019002,15198269296822
sink-receive,2068153952775438406,15198277679559
sink-receive,-8520543902069948346,15198287470101
sink-receive,-4438137617040539578,15198288181003
sink-receive,3606970568051523654,15198299098030
sink-receive,-2958274594747711418,15198308328964
sink-receive,-383647580053045108,15199629727290
sink-receive,5098466169963152706,15200311808359
sink-receive,1499004085213332802,15200312239540
sink-receive,7465258394354451778,15200316089181
sink-receive,-5912314910087314110,15200316802513
sink-receive,-3184494774245653182,15200323908571
sink-receive,1547412635836745026,15200345055110
sink-receive,-1693705840483105470,15200353831877
sink-receive,-2745295116523535861,15200775625692
sink-receive,7231916514834645515,15200777261066
sink-receive,-2335900934107823944,15201180074965
sink-receive,8057777187564028088,15201184444293
sink-receive,-6603879836735766344,15201184666029
sink-receive,835139794953568440,15201188947073
sink-receive,158587853473841336,15201190538493
sink-receive,-6795601451637800776,15201209218178
sink-receive,-8573829439597576008,15201219314859
sink-receive,-2271364441985515336,15201249174043
sink-receive,-3774708608831323976,15201249610914
sink-receive,-4056693600023478088,15201264179124
sink-receive,-7748968021074378568,15201272771625
sink-receive,8465810767290040504,15201273221050
sink-receive,-848730256889085768,15201278976511
sink-receive,1344526635700846776,15201296486188
sink-receive,2872183091990888632,15201297457355
sink-receive,-8249866859688492872,15201298907964
sink-receive,-8881584694127230792,15201307333284
sink-receive,8201622948046438584,15201309917607
sink-receive,-7794209892310449992,15201311434660
sink-receive,-7567185875323322184,15201313807910
sink-receive,4498696771878256824,15201321505219
sink-receive,8817874373324046520,15201330135032
sink-receive,2345343076110696632,15201347970995
sink-receive,6834850722509488312,15201349675151
sink-receive,7792708771175727288,15201352190554
sink-receive,-3143446689466023752,15201352343449
sink-receive,-8969148253975083644,15202613799024
sink-receive,-7937145660891986556,15202624048866
sink-receive,-1285961157437291132,15202633444561
sink-receive,-1227025302668967777,15203601204819
sink-receive,-3382965698325118817,15203607489952
sink-receive,6753955455870959775,15203612507662
sink-receive,-6763467519941410657,15203618882006
sink-receive,-2931102239336431457,15203630620070
sink-receive,-5371023136709934261,15203645687171
sink-receive,3282386807022420811,15203665667803
sink-receive,-7845535382857841845,15203669021737
sink-receive,-5984624528511204533,15203669897249
sink-receive,-8590933897745792428,15204483652613
sink-receive,3630760220105376340,15204495559192
sink-receive,-7437377231900376492,15204495820332
sink-receive,4991415548924396116,15204500368279
sink-receive,-9060784529446272428,15204502855394
sink-receive,-7303530370031418796,15204502966035
sink-receive,-6505505474836692396,15204505848602
sink-receive,-4477232578327215532,15204510713576
sink-receive,-2828577736438578604,15204513870931
sink-receive,2715290994684723796,15204525634037
sink-receive,7978879535984673364,15204527452186
sink-receive,-5199387305734831532,15204534194186
sink-receive,-6779918631959526828,15204534460803
sink-receive,-5368816799125077420,15204535465492
sink-receive,5698634394416185940,15204543819616
sink-receive,4056492883316834605,15205424656606
sink-receive,-1285961157437292243,15205425618985
sink-receive,-4477232578327215330,15205840331991
sink-receive,4991415548924396318,15205841599266
sink-receive,-8781328543847021794,15205843258781
sink-receive,-8992612429112278242,15205847500892
sink-receive,6330666727835173662,15205847530230
sink-receive,-7832746125596557074,15206054962323
sink-receive,-8072342727334821650,15206085614834
sink-receive,-909978019538401956,15206094886927
sink-receive,-2460300959574653604,15206100757100
sink-receive,1864234403119498588,15206107605450
sink-receive,-7449838126026980004,15206108524024
sink-receive,4438634561936557404,15206111464293
sink-receive,8294087104233735516,15206113946110
sink-receive,-583362897892081018,15206244652947
sink-receive,1953106313085574,15206247267590
sink-receive,-6225403027939917178,15206254691560
sink-receive,-3342444666162249082,15206255918863
sink-receive,569691003376632454,15206259428995
sink-receive,-421476372095958397,15207734555865
sink-receive,-7783909212114910589,15207738680899
sink-receive,3210334427074790019,15207742825154
sink-receive,-7930716468512030077,15207744239776
sink-receive,5268194520062755459,15207750853892
sink-receive,5764615009162232130,15209618846368
sink-receive,1722531376051258309,15210554957173
sink-receive,-6290134395613346875,15210559542607
sink-receive,-7394007163246476347,15210566312243
sink-receive,8613778777253609499,15210921981576
sink-receive,2057500956412608539,15210925324173
sink-receive,7722945449883074587,15210932364742
sink-receive,-2902285040299802597,15210939271452
sink-receive,-3194143998096703461,15210942399625
sink-receive,7002844726160261147,15210954420226
sink-receive,-3599589142767337445,15210958420780
sink-receive,6827542994569134107,15210967676991
sink-receive,-4131473722290733029,15210969793490
sink-receive,7676908872258289691,15210974049088
sink-receive,770586745732333595,15210990032817
sink-receive,142683241684402203,15211004801107
sink-receive,-4629366818237054949,15211005428987
sink-receive,-816626273999650789,15211006581558
sink-receive,6957137396433420315,15211007954993
sink-receive,1636463169197047835,15211044134101
sink-receive,6835445811703185435,15211049445473
sink-receive,2587171201122042597,15211940244957
sink-receive,2259992923363869413,15211949484600
sink-receive,-22522683946171675,15211952409525
sink-receive,4859029414022742757,15211953798531
sink-receive,-3796083595911626011,15211954157266
sink-receive,7206793799421395685,15211973547987
sink-receive,-2374610237396090139,15211985816576
sink-receive,1861134265660474319,15213403792235
sink-receive,4513925789607003087,15213404433673
sink-receive,-8411745882176748593,15213406987601
sink-receive,-7071128259420748849,15213411216353
sink-receive,-2379018200986680369,15213481859475
sink-receive,7941631204476847037,15215918407273
sink-receive,-8116843325870308419,15215929518439
sink-receive,3819577659726234557,15215938048367
sink-receive,134307239413416893,15215947378303
sink-receive,6050776134495240881,15216817328488
sink-receive,-3525934525269933588,15217257879217
sink-receive,2708108074199024108,15217259917989
sink-receive,-7243227882439310868,15217260213184
sink-receive,-4068292902235667499,15219549283289
sink-receive,7653638043663860693,15219552473556
sink-receive,2323483732683523029,15219553039333
sink-receive,2298946305348600789,15219555962684
sink-receive,2046414902792291285,15219576499406
sink-receive,746597991879541717,15219582911769
sink-receive,2795571861956592597,15219584254492
sink-receive,3244177545301590997,15219589086920
sink-receive,-267239573896035371,15219590490457
sink-receive,-340417630412209195,15219597755488
sink-receive,-8085142417071668267,15219599823784
sink-receive,8746611361120781269,15219600459851
sink-receive,5990489353598534613,15219603444864
sink-receive,2684297351035618261,15219611912562
sink-receive,-8574943545524222382,15219903757531
sink-receive,5449375005320152658,15219905294526
sink-receive,3034329093941233234,15219944845080
sink-receive,6321518417429923410,15219945263564
sink-receive,-4127222619495725486,15219949212541
sink-receive,-7393390831144532398,15219953002200
sink-receive,6028952812958778962,15219953648460
sink-receive,1546428568634918077,15219956644151
sink-receive,2634743397058872509,15219963571035
sink-receive,-5585882114097675075,15219966304820
sink-receive,-3373432541670275907,15219971761665
sink-receive,4562277281589888189,15219972572806
sink-receive,2762213954775155901,15219981357913
sink-receive,5504066818219705533,15219985682336
sink-receive,-6516385258357652291,15220002332225
sink-receive,-856716267539659587,15220005749187
sink-receive,5212436034855371965,15220006396686
sink-receive,-23079676779952963,15220008413904
sink-receive,-7899636796667984707,15220009926394
sink-receive,-8613469664162347843,15220011963223
sink-receive,-7407307079234353987,15220015883212
sink-receive,5352732511673779389,15220023174075
sink-receive,439775630016382141,15220024091256
sink-receive,-5926262842150878019,15220040198094
sink-receive,8888480758042198325,15220053502362
sink-receive,8354134410638917941,15220070699443
sink-receive,-4185470025366240971,15220078122816
sink-receive,-7521735071108169419,15220080046941
sink-receive,894749560155406645,15220082136322
sink-receive,-513617216030113483,15220104481248
sink-receive,413095022590689589,15220108543665
sink-receive,4655282406087983413,15220112606227
sink-receive,6432594225983914293,15220151763482
sink-receive,951138142834917685,15220156894420
sink-receive,6659659019390550325,15220160460167
sink-receive,-8089170615358979787,15220163496125
sink-receive,-7965048495751036619,15220163711628
sink-receive,-7706778840793611449,15220177578031
sink-receive,4072802965788819765,15220179628619
sink-receive,-504780879164341963,15220181028383
sink-receive,5563366327868981557,15220182949889
sink-receive,-1109339539446430613,15220611238387
sink-receive,2827970363638416491,15220613981779
sink-receive,5751997954319713387,15220619771668
sink-receive,243276327854015595,15220635535631
sink-receive,3369143724767446123,15220647972045
sink-receive,5787539375629796459,15220648096960
sink-receive,-3761381037549026197,15220657046637
sink-receive,3141908451223929963,15220658918653
sink-receive,3897461668958962795,15220670558382
sink-receive,4951888690021401707,15220674110374
sink-receive,-4488891357246520213,15220677195635
sink-receive,-3527072790387620757,15220678865781
sink-receive,5225683328903938596,15222338522703
sink-receive,4065803281492869668,15222342036308
sink-receive,-8995157175760322012,15222343827480
sink-receive,-4106822744610438620,15222345667050
sink-receive,-997320573254106588,15222349561382
sink-receive,3153901992779186724,15222354923006
sink-receive,-2994897067916131804,15222367577697
sink-receive,-1447529984502529500,15222369304108
sink-receive,6846550776064508452,15222378143282
sink-receive,1906357582637827277,15222674192712
sink-receive,463884801867252941,15222674498270
sink-receive,3253916306335859917,15222675958981
sink-receive,2514830688998393037,15222678591688
sink-receive,-664403497633970995,15222679995126
sink-receive,-6355617820650240819,15222702534443
sink-receive,159529606657869005,15222730540949
sink-receive,-7595412275838581555,15222731464367
sink-receive,-4097203680019741491,15222734300272
sink-receive,-776821483467963187,15222743802463
sink-receive,3034039007555093709,15222747822053
sink-receive,5791281065238725837,15222751054934
sink-receive,-6872611198802590515,15222751572392
sink-receive,-4474975950970288947,15222753921799
sink-receive,3825377871325562061,15222754421248
sink-receive,-1949896606715214643,15222755892671
sink-receive,5840545027318612696,15222975049632
sink-receive,4733909006576255704,15222978249062
sink-receive,4381231585291141848,15222979903742
sink-receive,-2235368007545126184,15222992731530
sink-receive,-542260795308768552,15222995142134
sink-receive,-8210199246117272872,15222995482973
sink-receive,-8629096705100348712,15223006422239
sink-receive,350309867807834840,15223011214235
sink-receive,1569318760047706840,15223011438701
sink-receive,1275926348602278616,15223015413577
sink-receive,-3780551817348250920,15223020610567
sink-receive,6014239994464436952,15223033091563
sink-receive,2917404106865771224,15223034222582
sink-receive,4700740859639890648,15223038945535
sink-receive,1986355252651098840,15223039387891
sink-receive,7186039770122814168,15223042135698
sink-receive,791907646289478360,15223060993698
sink-receive,-9008042816382696744,15223080186595
sink-receive,-7781533665703492904,15223082156508
sink-receive,4934208418492711640,15223084414340
sink-receive,-2242397601993325864,15223112374830
sink-receive,101294346954867416,15223127952277
sink-receive,-3757549578828643624,15223137807927
sink-receive,8247662094061667032,15223139282103
sink-receive,8429883670801679064,15223144298025
sink-receive,2207803311166325464,15223153396032
sink-receive,5733622314700899032,15223156297275
sink-receive,-7968682682328546600,15223162498343
sink-receive,-8267347398058048808,15223166599633
sink-receive,-7566732163568106792,15223190853688
sink-receive,2970825554338513624,15223192449916
sink-receive,7003872851136611032,15223194243660
sink-receive,22343824328098520,15223210570617
sink-receive,2649467103295308896,15223311747755
sink-receive,2229992701355361376,15223330077390
sink-receive,-7501432988333243296,15223337641813
sink-receive,-4196969645682457504,15223347304659
sink-receive,-1854340486391659424,15223373691569
sink-receive,-643590554268990368,15223373995555
sink-receive,1132959527407191136,15223382209111
sink-receive,1716492647738115168,15223390715490
sink-receive,-2305800952893930400,15223402015757
sink-receive,5537670440480146528,15223407790803
sink-receive,4177573835366728800,15223411553268
sink-receive,-2627299162172947360,15223421226228
sink-receive,8423162579559384160,15223429701964
sink-receive,9208704684884231264,15223430009587
sink-receive,-9057500623221554418,15224517463945
sink-receive,4287199078846038798,15224518692655
sink-receive,4102708337739563790,15224521958754
sink-receive,2314369966700233486,15224524334282
sink-receive,-7331738005834562802,15224527843944
sink-receive,1931481556476494606,15224533415243
sink-receive,8165563755543920864,15225732712837
sink-receive,7979357802067919072,15225742258855
sink-receive,-5345109855256444704,15225742345165
sink-receive,-4993869152071450400,15225752490853
sink-receive,-5809073933630045984,15225752806246
sink-receive,8016313384309883104,15225759916982
sink-receive,-1312007900704538400,15225763611164
sink-receive,-6586906259125960480,15225765619661
sink-receive,7978779557735956704,15225786739648
sink-receive,232830610907857120,15225799693312
sink-receive,4299904962202173664,15225802281538
sink-receive,-2190826933237841696,15225807269025
sink-receive,-3114361647678881568,15225809510657
sink-receive,-3345027345961451296,15225814049752
sink-receive,8743117924916527328,15225814057619
sink-receive,-8084602707186285151,15226631911018
sink-receive,-7473562421563488863,15226641562303
sink-receive,-7616717585664440927,15226647003314
sink-receive,6024880432342893985,15226648324528
sink-receive,-3616309209932495455,15226655545700
sink-receive,-2853475666148457055,15226684616094
sink-receive,-5918266059722324575,15226687705647
sink-receive,-982041892818516575,15226689487774
sink-receive,-7462500205011664143,15229307441936
sink-receive,-7431117544699723023,15229316899217
sink-receive,8227560676453778161,15229321778446
sink-receive,6079621134855176945,15229321897370
sink-receive,93327818275947249,15229347190789
sink-receive,-8720827109074795791,15229347410480
sink-receive,8613520331891540721,15229347514868
sink-receive,4283178667334435569,15229347645000
sink-receive,-5510077088079543567,15229378846210
sink-receive,5678292239596389105,15229385153772
sink-receive,-2112883163830156090,15229592969873
sink-receive,8307390292986692806,15229643538913
sink-receive,-1795705519852223290,15229656285089
sink-receive,1264124899459335366,15229660732491
sink-receive,3134830336530187462,15229675847301
sink-receive,-4518724015400942394,15229676602908
sink-receive,-4830031590136478522,15229684531643
sink-receive,1889061268300498118,15229697947899
sink-receive,-3224167262604753722,15229701016465
sink-receive,-5792219313729436474,15229713140413
sink-receive,8748811518247699654,15229750424159
sink-receive,-5059640138053712698,15229768757406
sink-receive,-1929625258726259514,15229776792283
sink-receive,6205161985240204486,15229783250589
sink-receive,5549229030697338054,15229793406890
sink-receive,4208864742292325574,15229808386205
sink-receive,7824317690364822726,15229809126367
sink-receive,-6218391459469458234,15229822336255
sink-receive,-3625123986062442449,15229827715757
sink-receive,1787970429781016623,15229832206076
sink-receive,-9204902861438189521,15229841820650
sink-receive,6816889375436046383,15229842148795
sink-receive,-3504285235808305105,15229847744463
sink-receive,6041265917260726319,15229852153925
sink-receive,7062208991031459887,15229855149081
sink-receive,7430547160157913135,15229862027118
sink-receive,-6130055007371788241,15229880934573
sink-receive,8445039317604106287,15229881987815
sink-receive,8867844372192821295,15229888031651
sink-receive,-2017317573103714257,15229892126468
sink-receive,-7732014775839752145,15229896302402
sink-receive,9029873813025718319,15229896776446
sink-receive,-4455107616942587857,15229902163739
sink-receive,-4823700456154856982,15232762159255
sink-receive,-6547542183778451312,15232881807854
sink-receive,-1109339539446431724,15233158142971
sink-receive,5751997954319712276,15233169305937
sink-receive,-1900685343884050412,15233171673530
sink-receive,-4832048352159858668,15233185873702
sink-receive,-292639044116938732,15233185940499
sink-receive,-8544930481563500524,15233191675042
sink-receive,2324918183040909332,15233198037985
sink-receive,9215531410847170580,15233205543580
sink-receive,-4488891357246521324,15233210492683
sink-receive,-1023141787788638903,15233506820824
sink-receive,110266988902745417,15233507628768
sink-receive,6673674610073929033,15233507759902
sink-receive,-2191235680980433591,15233514739871
sink-receive,4943485148420113737,15233518416137
sink-receive,-6196931977497541303,15233519190176
sink-receive,3865618626807596361,15233526888144
sink-receive,-3418606341969672887,15233538844051
sink-receive,8478014689228358985,15233541611052
sink-receive,5624652702274290939,15234080707161
sink-receive,-4167249081879493162,15234991407722
sink-receive,-5989539461451479594,15234999373598
sink-receive,-5157094062691449386,15235001673210
sink-receive,6254242462022239702,15235002204667
sink-receive,-4611356199298792068,15235436828686
sink-receive,8333837400220370300,15235438222680
sink-receive,6294060781700908412,15235441250134
sink-receive,4991415548924396924,15235445970157
sink-receive,-2875115343473277572,15235446708658
sink-receive,7978879535984674172,15235455228012
sink-receive,3804213131484333436,15235459291417
sink-receive,5028691703230367100,15235459783101
sink-receive,-2950051948578995601,15236424030675
sink-receive,3194224833676182127,15236432249091
sink-receive,-7799077477531254161,15236433172201
sink-receive,-4097843088980966801,15236451391863
sink-receive,1162242150574850671,15236451677843
sink-receive,-4474975950970289553,15236454973266
sink-receive,-7618129947005025681,15236455861094
sink-receive,818598007585899119,15236459866774
sink-receive,-3366590014522654097,15236465415283
sink-receive,-6020453003960515985,15236473939517
sink-receive,2001352758757687919,15236476567607
sink-receive,1789838963893076591,15236481035333
sink-receive,-4517550003270450577,15236483192697
sink-receive,8678522054871351411,15236493817654
sink-receive,-6892914582952607629,15236516191394
sink-receive,-2112883163830157302,15238289336155
sink-receive,1816878763728699402,15238332867023
sink-receive,-700412718192001014,15238346475335
sink-receive,5911881492052574218,15238353908594
sink-receive,-6402890408258436846,15239962367767
sink-receive,2032827245470417170,15239964479519
sink-receive,8980280633112658194,15239966642347
sink-receive,-2219768256829324206,15240512196338
sink-receive,-2547967680241990574,15240513991244
sink-receive,-1052358886935231406,15240517334775
sink-receive,5146166583558669394,15240518361204
sink-receive,7495757232001254482,15240520576545
sink-receive,-7195408038688193454,15240523076480
sink-receive,-5271018276376279982,15240542343664
sink-receive,624170541812548690,15240558071508
sink-receive,-7232842093171833774,15240571811890
sink-receive,-5828019395149953966,15240580940484
sink-receive,940620717114786898,15240581533387
sink-receive,6756040881536500818,15240584387982
sink-receive,5486978066766890066,15240589176029
sink-receive,-4727936665572604846,15240593758729
sink-receive,-3661537427467533230,15240595348551
sink-receive,-4064593681263360942,15240603658638
sink-receive,5676626157357761618,15240615197526
sink-receive,-7904757235203439534,15240621081056
sink-receive,8614956727869113426,15240628744632
sink-receive,-1954422647546706862,15240635006517
sink-receive,3064690870591685714,15240651482490
sink-receive,1338393388042421330,15240656806662
sink-receive,4209741748844364882,15240657558283
sink-receive,-8286561166184938414,15240674067354
sink-receive,5004045578863117394,15240699765934
sink-receive,-8508495071400688558,15240723958152
sink-receive,8181731996720956498,15240724511033
sink-receive,-4291362628732713902,15240725979361
sink-receive,-2903757123160636334,15240728011926
sink-receive,-8873244593487871954,15241392243393
sink-receive,4356253481426747438,15241415757721
sink-receive,93327818275946542,15241419788452
sink-receive,-2864860954435256126,15241426557876
sink-receive,-8310083718517620542,15241433501304
sink-receive,1411038116994613442,15241434795921
sink-receive,-2336118761964175166,15241436626702
sink-receive,-4845220256647479102,15241441675505
sink-receive,4967709253595824322,15241443817734
sink-receive,-9067972036957044542,15241447094536
sink-receive,846746261171208386,15241457858170
sink-receive,-2889489478026526526,15241473025966
sink-receive,984524143397437634,15241474096832
sink-receive,2701004486054248642,15241483296686
sink-receive,4291275947702747533,15241716972831
sink-receive,6359234277602754957,15241717455359
sink-receive,7941631204476846128,15242983415181
sink-receive,1797688441828278320,15243019786140
sink-receive,8930612072228585520,15243021246108
sink-receive,-6482827124095843073,15243220391687
sink-receive,-7159281007177235238,15244517916551
sink-receive,-8771588442782956326,15244545697391
sink-receive,-2741508626110741286,15244554908825
sink-receive,-7513277589012609830,15244556907761
sink-receive,-9168615859575323430,15244559791755
sink-receive,6757905288184988422,15245139077455
sink-receive,9159973887159567110,15245139234321
sink-receive,4061160688133866246,15245143641420
sink-receive,-5738397626844314874,15245145405587
sink-receive,-4390345248195214586,15245148033624
sink-receive,-3354032067020061946,15245164290196
sink-receive,493431333595382534,15245181521330
sink-receive,7982996807598736134,15245183392266
sink-receive,4354213874472321798,15245191882521
sink-receive,363699419763180294,15245193390673
sink-receive,2333282034849415942,15245195874876
sink-receive,2771055071939527430,15245197788410
sink-receive,3857902383052882694,15245208287664
sink-receive,-6387509206953491706,15245210654057
sink-receive,3144452987418575622,15245215666482
sink-receive,-2762373160622882042,15245219458349
sink-receive,-7592126192065445114,15245244595075
sink-receive,5012612350696489690,15245991291535
sink-receive,-8339875647497174310,15245991670024
sink-receive,-632319868594552102,15245993036227
sink-receive,-1245715643131493670,15245993181032
sink-receive,1885182436090839770,15246000599430
sink-receive,8386898804879655642,15246011283497
sink-receive,3199474108345615066,15246013238051
sink-receive,-3553533452538084646,15246017112191
sink-receive,-1854622974980652326,15246027359432
sink-receive,-1081737609996139814,15246036207235
sink-receive,2006795938315633370,15246037335022
sink-receive,3446531914385589865,15247060287370
sink-receive,-6565049900701055383,15247071070782
sink-receive,4322103148484232809,15247071714226
sink-receive,8240955648657852009,15247079247874
sink-receive,-2031114176289569175,15247085268968
sink-receive,6086477564811937385,15247091533110
sink-receive,4576491179503257193,15247099612813
sink-receive,-3838609222455523735,15247110644400
sink-receive,-6552420055445928343,15247121910941
sink-receive,-3439075357238491543,15247123961730
sink-receive,-893151828026325442,15248006307176
sink-receive,-2957358409503997447,15248509416074
sink-receive,4496142417388373023,15248610848424
sink-receive,83846656495191071,15248614295737
sink-receive,-7282888529573575649,15248620023271
sink-receive,8568948024582079519,15248624941798
sink-receive,8790762637081183263,15248649631573
sink-receive,2865082166725837855,15248652437316
sink-receive,3743802294752248863,15248657274992
sink-receive,4859793901021561887,15248659781894
sink-receive,-1801200367866739681,15248661238611
sink-receive,-8677489793841495009,15248664605643
sink-receive,-7378392977145592801,15248671416305
sink-receive,4069066249752019999,15248673897228
sink-receive,8121449377647559711,15248679210027
sink-receive,-3409133014209264609,15248685532239
sink-receive,-1011335094490627041,15248686027223
sink-receive,7281846849680442399,15248687008252
sink-receive,6795412361407628319,15248690542531
sink-receive,-3457516838705953761,15248699883320
sink-receive,7915351472118694943,15248707639938
sink-receive,-7655730324097203169,15248712213495
sink-receive,4054052285330752543,15248742765964
sink-receive,7311740736888636447,15248743256298
sink-receive,-1881628385013136353,15248743655694
sink-receive,-1299122088283471215,15249681602224
sink-receive,8360481577733456529,15249682670126
sink-receive,-5388399200000015727,15249690589459
sink-receive,8870299607427449489,15249691103330
sink-receive,8720032428455887505,15249691937407
sink-receive,3284333127287177873,15249712229387
sink-receive,197134789818450577,15249722077183
sink-receive,8387989176817025681,15249732917800
sink-receive,756547790426866321,15249738924497
sink-receive,-4450152873950444911,15249743812019
sink-receive,5322291724804948625,15249752843117
sink-receive,-362364969129344367,15249754923355
sink-receive,3809023705309250193,15249761526461
sink-receive,-7818773140988755311,15249767552225
sink-receive,-2155760496655990731,15250459115676
sink-receive,3492386119109050421,15250463729396
sink-receive,846088693088257060,15251233621892
sink-receive,-4323039103462407132,15251239696184
sink-receive,-8171011775530007516,15251243577264
sink-receive,-4510808442214022108,15251256809370
sink-receive,6591114876104475684,15251260706975
sink-receive,-8440464090807139292,15251265125637
sink-receive,370499431029539876,15251266147925
sink-receive,-2762412309249784796,15251268662886
sink-receive,4756313510202311716,15251281556635
sink-receive,-1982406253560724444,15251282836319
sink-receive,-9005739395357080769,15251330099100
sink-receive,-6784739788583861441,15251334372069
sink-receive,-632319868594552001,15251340578210
sink-receive,3199474108345615167,15251350047165
sink-receive,-4407590787429170369,15251351784391
sink-receive,4617199940391666495,15251356047923
sink-receive,6249688667112080191,15251364089027
sink-receive,-5202293705809067201,15251373547805
sink-receive,-7336887645852662977,15251374481737
sink-receive,2006795938315633471,15251374717435
sink-receive,5300791453528621887,15251374938687
sink-receive,2513468978207130431,15251383604584
sink-receive,-6556076906565860545,15251383860760
sink-receive,-3638045618510757057,15251391195666
sink-receive,-3881383042274557118,15251412284901
sink-receive,-1799466163151830206,15251445327833
sink-receive,-3455338865085119678,15251469822018
sink-receive,-445030539682905278,15251475028060
sink-receive,8585684915134137154,15251477701132
sink-receive,3631014623903220546,15251493422497
sink-receive,5766376375250322242,15251495312357
sink-receive,-7059738366929009854,15251495527140
sink-receive,3819096292676600642,15251500327607
sink-receive,8791164233703228226,15251518440894
sink-receive,-1845681462955736254,15251530697621
sink-receive,-6663477026273361086,15251532568809
sink-receive,-359345834753522878,15251533422931
sink-receive,2616699019677664066,15251542611549
sink-receive,479445936532095810,15251543571323
sink-receive,-6407966776134466750,15251544540505
sink-receive,768421914711425858,15251546157186
sink-receive,-5655525580032965822,15251557065996
sink-receive,-8866091673348734142,15251582603328
sink-receive,2820619050369942207,15251905060266
sink-receive,-5371849909324479809,15251912046620
sink-receive,1140904289191854783,15251914990540
sink-receive,-507476396344343873,15251926545057
sink-receive,-4860575207112310081,15251927580510
sink-receive,783420022113436351,15251951885348
sink-receive,1988753287511277853,15253944248787
sink-receive,1193999486653825733,15254162561668
sink-receive,5811385820036203081,15254885361489
sink-receive,-5157094062691450295,15254898205029
sink-receive,-1296576568541314487,15254898544275
sink-receive,293236276499318179,15255893537873
sink-receive,-8110830199857216093,15255900414012
sink-receive,7735007448922064291,15255901880974
sink-receive,5332942320281060771,15255911973335
sink-receive,-874448984914000477,15255925337435
sink-receive,7323405932489082275,15255929373718
sink-receive,-5343650408189393501,15255930614113
sink-receive,-8462305584350231133,15255934038799
sink-receive,3176226305070859683,15255940312601
sink-receive,-3760478591905692253,15255949963509
sink-receive,-1124047955599293021,15255951335683
sink-receive,-5909733823720979037,15255955484126
sink-receive,7868460861721937315,15255956141816
sink-receive,8233390845449994857,15256984884243
sink-receive,8115272402927092329,15256985541315
sink-receive,5429480609430897257,15256992609515
sink-receive,1934260404611973737,15256998478503
sink-receive,-6458797739852430743,15257011981508
sink-receive,-9165756832990363031,15257012556568
sink-receive,-1654301362378243479,15257013541134
sink-receive,-4973043392524058007,15257041755026
sink-receive,-4378816439281253783,15257051322533
sink-receive,-2028717386969906583,15257058394009
sink-receive,-529293395688947095,15257064382436
sink-receive,-4450856226384772503,15257064712745
sink-receive,935773859406152297,15257083149440
sink-receive,-6930726233781042583,15257089566252
sink-receive,5798145857496810089,15257102936619
sink-receive,254331350335619689,15257110976044
sink-receive,999957678878884457,15257112922422
sink-receive,-6446453763325558167,15257119908854
sink-receive,-6608392541693803927,15257123764664
sink-receive,1477932361478832745,15257151439245
sink-receive,2170502495158141545,15257162361303
sink-receive,6173008687536276073,15257168442785
sink-receive,7848457541167088233,15257184752621
sink-receive,4908240702623711972,15257229898672
sink-receive,-5390568042520378652,15257234054569
sink-receive,667696522074260196,15257244372232
sink-receive,-1693705840483106076,15257268176656
sink-receive,1547412635836744420,15257273016354
sink-receive,-3195765116322708764,15257283432624
sink-receive,6314596420502422244,15257283598379
sink-receive,-4981140256280542492,15257286089763
sink-receive,-2260816908544638236,15257288959440
sink-receive,-6154704696561892636,15257310266015
sink-receive,-5043906908344286117,15258293151568
sink-receive,2404200659395019867,15258296007539
sink-receive,-1385482507532631495,15258512384260
sink-receive,78865520929014329,15258517075414
sink-receive,3326929869899563577,15258521060329
sink-receive,2927694887161692729,15258527219110
sink-receive,5041535364842390073,15258533772798
sink-receive,-8815683154024070599,15258542641844
sink-receive,-702693075243236807,15258544718468
sink-receive,5911541485261554233,15258553578647
sink-receive,6875982756719886905,15258553840360
sink-receive,-1085217100441583047,15258554186168
sink-receive,-8726840011749588423,15258556049898
sink-receive,56784222181917241,15258556257761
sink-receive,3908477959425491513,15258561614811
sink-receive,-5827067450008534471,15258567803423
sink-receive,385512871464796729,15258569224942
sink-receive,-6166030546796281287,15258572302027
sink-receive,-3634129828107517383,15258575345345
sink-receive,-2041012035797384647,15258575354354
sink-receive,-3420400220960193453,15258778479404
sink-receive,6159920204198446163,15258782847704
sink-receive,-2271520697190710189,15258785331728
sink-receive,-6045603894359227309,15258793204977
sink-receive,-5298475345169611693,15258812384996
sink-receive,-507476396344343469,15258821880256
sink-receive,4968470098462377043,15258823389245
sink-receive,45929456845456467,15258827019368
sink-receive,5572213719980574295,15259316675987
sink-receive,-1735826412956285353,15259316777207
sink-receive,2274666026295624675,15259890156938
sink-receive,6036488968734770147,15259898718224
sink-receive,2983763189834974179,15259900103955
sink-receive,4725533154629125091,15259900386960
sink-receive,-1616761729008532509,15259902266569
sink-receive,472264918716908931,15260245942294
sink-receive,1257564100691494275,15260252200204
sink-receive,-1761624808329575037,15260260150929
sink-receive,-2970807017259661949,15260263052043
sink-receive,2943028770811938179,15260267540687
sink-receive,8688599362407761283,15260271962918
sink-receive,-3411804428032801405,15260272291807
sink-receive,-4748690574612101757,15260295004570
sink-receive,-3628162808568347261,15260299254083
sink-receive,2442020182898509187,15260308654561
sink-receive,-9221886785624210045,15260320800122
sink-receive,-645042377769089661,15260322348604
sink-receive,4662926958248592771,15260327277913
sink-receive,4296213674034462968,15260505254924
sink-receive,1860022152598651128,15260513308189
sink-receive,-8873244593487871752,15260514045235
sink-receive,3798763479410671864,15260532730729
sink-receive,-8072963113885892360,15260538355752
sink-receive,2247981153967407352,15260539536804
sink-receive,5486234436129259768,15260540146285
sink-receive,4356253481426747640,15260543591981
sink-receive,8227560676453777656,15260552391615
sink-receive,4999203918064910584,15260553974901
sink-receive,-5067107660252315400,15260565487292
sink-receive,-8880088525089799944,15260576537052
sink-receive,-2233314381817446152,15260577996513
sink-receive,-261154610259951368,15260598658992
sink-receive,3910730321879892216,15260601136945
sink-receive,-7417768313897351545,15261767537108
sink-receive,6221152775548438151,15261767583481
sink-receive,4942782526130226823,15261768352607
sink-receive,-5756471046794377593,15261821899871
sink-receive,-5292552516548950393,15261823336709
sink-receive,-9025588608190380409,15261827911550
sink-receive,-5980723134838339961,15261829332815
sink-receive,9001175528748614543,15263642887659
sink-receive,-5305174862791179377,15263645330111
sink-receive,5449375005320151951,15263648001700
sink-receive,4633186817984693135,15263650225625
sink-receive,5681408882614731663,15263650674579
sink-receive,-7393390831144533105,15263652886728
sink-receive,4234874943977816975,15263661734554
sink-receive,-8030189500225289860,15264887857319
sink-receive,5798145857496810392,15265358752847
sink-receive,5860641359685223320,15265360415455
sink-receive,7133465148466922392,15265368201087
sink-receive,1414751034617627544,15265370609139
sink-receive,-5302270902258367592,15265370787705
sink-receive,-4959189820891987048,15265384781570
sink-receive,1934260404611974040,15265389525482
sink-receive,-8271036298223942760,15265389902437
sink-receive,4546820351421580184,15265396123220
sink-receive,4080982726709085080,15265402751187
sink-receive,-6458797739852430440,15265403523211
sink-receive,317158269380461464,15265407345357
sink-receive,-6608392541693803624,15265408998624
sink-receive,7673168389535171480,15265410621262
sink-receive,-9165756832990362728,15265410843474
sink-receive,-4939815382333521000,15265427189521
sink-receive,8503593186571060120,15265445510407
sink-receive,-4378816439281253480,15265457016883
sink-receive,6969833306875494508,15265677142264
sink-receive,6079492766872633452,15265692936407
sink-receive,7145839812535124838,15265816205345
sink-receive,7957591178394731366,15265817889456
sink-receive,8743437805490799462,15265825876798
sink-receive,-8234076055942462618,15265826017715
sink-receive,3036682461141533542,15265828550954
sink-receive,6159920204198445456,15266896341460
sink-receive,783420022113436048,15266898038701
sink-receive,-2405302674988727723,15267043077230
sink-receive,7512327666800788053,15267054765953
sink-receive,6975861813166473813,15267065201046
sink-receive,7738602091735679573,15267075404835
sink-receive,-6157347518788140459,15267077553771
sink-receive,6476024849381721409,15267929524194
sink-receive,8935410779058865473,15267933881707
sink-receive,451144893780198721,15267943512779
sink-receive,1137055225400526282,15268257641370
sink-receive,-5450743201512028726,15268263817880
sink-receive,-3028068629351496246,15268275721935
sink-receive,301257484406883786,15268277531782
sink-receive,-188264299372739126,15268281411852
sink-receive,-3435533074371181110,15268289547884
sink-receive,6429999318412821962,15268306179587
sink-receive,-7170531639649368630,15268310242368
sink-receive,-6232450631185989490,15268333675510
sink-receive,8279008663763420618,15268337665927
sink-receive,7697390733774292426,15268343490242
sink-receive,-6361448135675346802,15268344980538
sink-receive,-6468439859827571275,15270146258744
sink-receive,228542635818616245,15270153093659
sink-receive,-7334825988536138315,15270157498957
sink-receive,-1766571223380130379,15270158889874
sink-receive,8082355623246693813,15270160512389
sink-receive,2800592511221892533,15270166913143
sink-receive,-2902058296091343435,15270176290634
sink-receive,-3053893198255487563,15270178971881
sink-receive,-6829543684824889931,15270184445170
sink-receive,-724440027966208587,15270185746271
sink-receive,-4455107616942586443,15270188372388
sink-receive,4267152877337707957,15270215182229
sink-receive,1254783173791843765,15270221064483
sink-receive,-1188972807254440523,15270222102966
sink-receive,-2437445265339185739,15270229476675
sink-receive,7954441730416182709,15270237340200
sink-receive,-7838255567909943883,15270239889135
sink-receive,-1608446341610994251,15270240091201
sink-receive,406595474351457717,15270242660916
sink-receive,953627192347067829,15270249053287
sink-receive,-2142271705186302539,15270270477378
sink-receive,1268812864852854197,15270271150733
sink-receive,8550241612351931829,15270272288438
sink-receive,5310847024235546037,15270273296687
sink-receive,1787970429781018037,15270282686992
sink-receive,737701302133327285,15270285210865
sink-receive,-9204902861438188107,15270290243525
sink-receive,1400708531669173685,15270292394102
sink-receive,-3107494669282441803,15270299516509
sink-receive,-5124781357276330571,15270304592293
sink-receive,7062208991031461301,15270317219324
sink-receive,-7687145531671312971,15270319829822
sink-receive,-6130055007371786827,15270328461099
sink-receive,8397369948032206261,15270330544387
sink-receive,-4286590821282609739,15270334016584
sink-receive,-4822157424729258571,15270338803284
sink-receive,1347733455852537269,15270340767546
sink-receive,-8078301144054495819,15270346933158
sink-receive,-5003993360650730059,15270358452521
sink-receive,-176817485679426123,15270358746663
sink-receive,-1186865013399222859,15270359809786
sink-receive,1755828633999508917,15270361638264
sink-receive,-2408912616475851339,15270379684884
sink-receive,-8756892774093027915,15270397399837
sink-receive,-3952184272479058507,15270402868555
sink-receive,4314940672042862005,15270414426686
sink-receive,-3028068629351497559,15271011683252
sink-receive,-7123127316804271959,15271015169454
sink-receive,301257484406882473,15271016863823
sink-receive,4829477294542161161,15271477378537
sink-receive,3024488662441133057,15271678180942
sink-receive,5492101017858212865,15271695092174
sink-receive,3798776475981710337,15271695141622
sink-receive,-7168189039932079103,15271696155804
sink-receive,-5813218272128007446,15271771105598
sink-receive,-3241042597132631318,15271772962832
sink-receive,-3581094077287890198,15271774131653
sink-receive,-7038543605266382102,15271776827122
sink-receive,1871548693769880298,15271777816511
sink-receive,-7082704033802091798,15271781689227
sink-receive,-6655044416333413654,15271783478874
sink-receive,-8306503721542483222,15271786687611
sink-receive,-5434225745134091542,15271792549131
sink-receive,-7424010907128167702,15271930108306
sink-receive,636897633717192053,15272180007443
sink-receive,3107612467350472053,15272182884917
sink-receive,-5178020199919516299,15272182918137
sink-receive,-2081837602616375947,15272184248774
sink-receive,-2782360873266576011,15272187846358
sink-receive,-8402289772940229259,15272208255991
sink-receive,5020819079716406645,15272212954516
sink-receive,-6482440074528029323,15272213491409
sink-receive,-4168158335045991051,15272213620353
sink-receive,4942582578222728565,15272234673210
sink-receive,-4655558877427792523,15272234733223
sink-receive,8696020176837019256,15272311998478
sink-receive,6673674610073929336,15272315041942
sink-receive,5502417074036672120,15272329468943
sink-receive,3304364614237554296,15272362937642
sink-receive,3294786927361787512,15272378935040
sink-receive,110266988902745720,15272381731659
sink-receive,-583362897892080008,15272392014211
sink-receive,2177645773095700088,15272394418747
sink-receive,4246453467138229880,15272395812064
sink-receive,569691003376633464,15272405673448
sink-receive,-223217752544901512,15272408289183
sink-receive,-7515575448055576968,15272408776771
sink-receive,626462190332806776,15272409639562
sink-receive,7362284659352274552,15272411518679
sink-receive,-3418606341969672584,15272412420178
sink-receive,-7692443687363541438,15272419470098
sink-receive,2678195757286164034,15272420336386
sink-receive,-2117753536484735368,15272420592296
sink-receive,22880467606831455,15273566569017
sink-receive,-49009652771322275,15274379318201
sink-receive,-2455411830797892003,15274379349305
sink-receive,-5403564746702059939,15274381183868
sink-receive,-367310817244215715,15274384165874
sink-receive,2543966879551063695,15275739952293
sink-receive,-8291216189179296113,15275741141781
sink-receive,7992649999999567503,15275741215153
sink-receive,-5580337354268211569,15275743540595
sink-receive,-250478618642217573,15276840652893
sink-receive,-1048621071386802789,15276846964851
sink-receive,1199767709336733083,15276848333275
sink-receive,-1884851736493947493,15276854814062
sink-receive,2383954406899975579,15276857784196
sink-receive,-124896356182522469,15276861356341
sink-receive,-542260795308767845,15276865902575
sink-receive,-1765780687404661349,15276870100660
sink-receive,1171068918253487515,15276889650835
sink-receive,-3569899966585371237,15276894976740
sink-receive,-1240599924765096549,15276897341271
sink-receive,-40507820843465317,15276899705430
sink-receive,-5601416495411232350,15278102534797
sink-receive,-3892876310334143146,15280812650024
sink-receive,-6289386736296393386,15280819406132
sink-receive,-9188083494629145258,15280827163744
sink-receive,7488132101682758998,15280837653564
sink-receive,-2155760496655989418,15280839917660
sink-receive,-5566855477695871658,15280855002316
sink-receive,247283699844908374,15280883728330
sink-receive,-9185652525959740074,15280884694783
sink-receive,3492248173349438806,15280890831296
sink-receive,7938843843716187478,15280893731899
sink-receive,7889939035391526230,15280918879210
sink-receive,7727735644088173910,15280926079637
sink-receive,2962919928295851350,15280944761860
sink-receive,-7899906082527509162,15280952083391
sink-receive,-5891025410036071082,15280952345081
sink-receive,-6117296364637387434,15280972712216
sink-receive,1988220350789322070,15280974126891
sink-receive,-5161255903181142698,15281044980288
sink-receive,8481820476929213782,15281045996019
sink-receive,-1375637317208767146,15281048583531
sink-receive,2717315311555577174,15281048693404
sink-receive,-8867716068634787434,15281513505032
sink-receive,-5719443764368375402,15281518992547
sink-receive,2899307090365383062,15281520117211
sink-receive,7336255817508717903,15281608459456
sink-receive,1020954056002110799,15281618681014
sink-receive,-5067107660252314289,15281638916545
sink-receive,8227560676453778767,15281642071281
sink-receive,-1435044394313972401,15281650463847
sink-receive,5926103988490470735,15281650680136
sink-receive,1141812326882608463,15281657852424
sink-receive,8608288370235278671,15281658244768
sink-receive,5721995017891874127,15281671897164
sink-receive,-261154610259950257,15281680693379
sink-receive,1235937295383659084,15281681255511
sink-receive,158587853473841740,15281695454819
sink-receive,-9149887027615890868,15281718908682
sink-receive,-556944609888959924,15281724604029
sink-receive,2902816594042290764,15281725528914
sink-receive,-893151828026326452,15281733051074
sink-receive,62487809901986380,15281735556694
sink-receive,6834850722509488716,15281744541977
sink-receive,5907427065505776204,15281745030525
sink-receive,-7748968021074378164,15281747963830
sink-receive,8465810767290040908,15281750629961
sink-receive,-7091010728185822517,15281754333155
sink-receive,-4153967651430858037,15281756617148
sink-receive,-1403442424381963573,15281760014905
sink-receive,-3044472509614259509,15281762634183
sink-receive,5666196636733276875,15281765364014
sink-receive,4873309136604889803,15281768554588
sink-receive,-2898820079728721766,15282133530450
sink-receive,-2155760496655990630,15282217972095
sink-receive,8035778936304566426,15282223851505
sink-receive,1986355252651098133,15282300459542
sink-receive,2207803311166324757,15282305832114
sink-receive,5460136604226027541,15282305918594
sink-receive,1063363211622875157,15282320698905
sink-receive,-2633991343990374379,15282326565203
sink-receive,-9105851999240323051,15282342897643
sink-receive,-8362859653880610795,15282343491502
sink-receive,-969753402974142443,15282344988262
sink-receive,1569318760047706133,15282348386168
sink-receive,7292705244264267797,15282352306627
sink-receive,1275926348602277909,15282361701281
sink-receive,4078246738052251669,15282367527671
sink-receive,-3786261817454493675,15282368810977
sink-receive,1373587174699565077,15282372016844
sink-receive,-6904153520228794347,15282374797944
sink-receive,-40507820843466731,15282391884029
sink-receive,-1766571223380131692,15282847783660
sink-receive,-4410550092910558539,15283190224270
sink-receive,3813174426128614069,15283192335518
sink-receive,3862037156658676405,15283212736509
sink-receive,-3864667055328329035,15283212792351
sink-receive,-8967950769848319127,15284734175503
sink-receive,-90395884621134999,15284739846148
sink-receive,9160478833579656041,15284744698125
sink-receive,-7288659389366402199,15284745068448
sink-receive,587284349062218601,15284748013774
sink-receive,6704669516443419497,15284751474395
sink-receive,6588851905080853353,15284752584122
sink-receive,-5431630970706984087,15284753537276
sink-receive,4431819221931918185,15284759169755
sink-receive,2601165338443776873,15284764441860
sink-receive,6970737388901368681,15284776698117
sink-receive,6716483833308382057,15284779708231
sink-receive,-5348554655251037335,15284779938887
sink-receive,2732685775442281321,15284783745862
sink-receive,369146988777702249,15284784873069
sink-receive,-4672853907569901118,15287151614434
sink-receive,1860022152598651330,15287157635442
sink-receive,5486234436129259970,15287175817051
sink-receive,-4813881323397578302,15287179646645
sink-receive,-5465842047371968062,15287193688898
sink-receive,-8636592135996440126,15287209545125
sink-receive,2126496307487966773,15287872720954
sink-receive,-3711346983537998283,15287874757966
sink-receive,-899746561330773998,15288091477159
sink-receive,1554206127342747666,15288092288959
sink-receive,1508140919465967634,15288096853935
sink-receive,-828705796505206766,15288102032146
sink-receive,37171494542901266,15288108631986
sink-receive,6387195493952258970,15288389909051
sink-receive,9180224499046417306,15288398023438
sink-receive,-6664120472503843942,15288410377857
sink-receive,6277944621297304474,15288416048439
sink-receive,284781779406029722,15288422238963
sink-receive,-2994502124198427750,15288423421992
sink-receive,-8841248122219789414,15288435856093
sink-receive,-1458565885789731942,15288437341309
sink-receive,-2901526248427617382,15288442054665
sink-receive,-6603879836735766445,15289349907028
sink-receive,-165827604966801325,15289355325074
sink-receive,-4315194843912470445,15289358138772
sink-receive,6050776134495240275,15289376206515
sink-receive,7025300026364526675,15289397138594
sink-receive,-2271364441985515437,15289407661882
sink-receive,8577450964611498067,15289415252279
sink-receive,7694266252440633427,15289421273099
sink-receive,1668471430150357075,15289429759367
sink-receive,6369706730720329811,15289436319229
sink-receive,-4056693600023478189,15289437773095
sink-receive,5275617267227295827,15289438654682
sink-receive,1852275045208948819,15289440006895
sink-receive,-7748968021074378669,15289442713281
sink-receive,2023816236579684435,15289442914432
sink-receive,-8475104088676106157,15289462678410
sink-receive,-3391052387304079277,15289471737198
sink-receive,1492541134390427731,15289473013661
sink-receive,-365596923429650349,15289477154874
sink-receive,8201622948046438483,15289488808482
sink-receive,-1544754240059080621,15289489919463
sink-receive,-6114767552318013357,15289531132091
sink-receive,7792708771175727187,15289539255530
sink-receive,-7339450057701194877,15289607540388
sink-receive,-4208117752990268541,15289609878487
sink-receive,4471360035183657859,15289611708266
sink-receive,-8611893411164716157,15289612616065
sink-receive,5028691703230366595,15289613227828
sink-receive,7297127265282818784,15289938753796
sink-receive,-2051246908504014112,15289939522467
sink-receive,7735007448922063584,15289943391056
sink-receive,-4061506527490472351,15290297723702
sink-receive,-1949896606715214239,15290300415368
sink-receive,1810628370837276098,15290776004876
sink-receive,-4823758416738515518,15290782781223
sink-receive,-8373801650002852414,15290790509601
sink-receive,5311420196211131842,15290796821814
sink-receive,1719216747925472706,15290801046280
sink-receive,2036496332952176066,15290807310031
sink-receive,8623166033869407682,15290808922504
sink-receive,2460584543380309442,15290812513476
sink-receive,-9060758085332630078,15290821123819
sink-receive,-7500339511134517822,15290824566890
sink-receive,-998026678762469950,15290826811148
sink-receive,-8777330736748296766,15290827330171
sink-receive,522246488227578647,15291077668167
sink-receive,636897633717191447,15291088360536
sink-receive,2420352811624563479,15291102277735
sink-receive,6634619192551146263,15291103169742
sink-receive,3522663061565473559,15291109888875
sink-receive,-4655558877427793129,15291117051090
sink-receive,-4640973932994755817,15291117465720
sink-receive,-7512032520943172841,15291119423464
sink-receive,4093928118916481815,15291122677194
sink-receive,-4758107668365704425,15291134858903
sink-receive,-5178020199919516905,15291142704419
sink-receive,-7772923089498668265,15291143062204
sink-receive,6306016776652063511,15291145300223
sink-receive,-2782360873266576617,15291145720033
sink-receive,-5270590914245426409,15291147102672
sink-receive,-8461447248021028073,15291152881393
sink-receive,-5397232929820638441,15291155353006
sink-receive,5020819079716406039,15291161786790
sink-receive,3323334041674973975,15291165131284
sink-receive,8428530485520499479,15291169241418
sink-receive,-6482440074528029929,15291169824482
sink-receive,-1744910724053859561,15291173942417
sink-receive,-4137006018125102313,15291177474864
sink-receive,-6848290456862718669,15291799868250
sink-receive,-8029428032588479181,15291800111445
sink-receive,5451282275742254523,15292326017764
sink-receive,-2155760496655989317,15292332346225
sink-receive,-4855232345105496645,15292343904493
sink-receive,-6117296364637387333,15292347146625
sink-receive,-5097726241587329605,15292354625912
sink-receive,9039704795597768123,15292356285276
sink-receive,3492248173349438907,15292384186065
sink-receive,8481820476929213883,15292401391078
sink-receive,300804485616240059,15292402967263
sink-receive,2398815887097333047,15292459454643
sink-receive,-9143872763436464841,15292461110110
sink-receive,8743117924916528439,15292475397786
sink-receive,7878485182246815031,15292510945580
sink-receive,-8574943545524223796,15295560258429
sink-receive,7869438585257066700,15295563192516
sink-receive,2280566134539288780,15295564354022
sink-receive,8516078854069027020,15295566514872
sink-receive,-1444076955350597428,15295568911001
sink-receive,4633186817984692428,15295571144883
sink-receive,5449375005320151244,15295577104651
sink-receive,-4228827479701192500,15295580719753
sink-receive,-2345016327883718452,15295587008710
sink-receive,5962737980761178316,15295594386588
sink-receive,-7388545377890205492,15295597273809
sink-receive,-1450080632435638068,15295601865786
sink-receive,7804743759165391052,15295610187589
sink-receive,6422662157061587148,15295615861556
sink-receive,1554842169049612492,15295616196325
sink-receive,-5305174862791180084,15295627214610
sink-receive,-7393390831144533812,15295638129692
sink-receive,-4127222619495726900,15295649132525
sink-receive,2339514088230486220,15295651252462
sink-receive,2916317364175765708,15295655178553
sink-receive,2905857344988512460,15295657375044
sink-receive,4234874943977816268,15295657391067
sink-receive,-7528910630019923761,15295913179950
sink-receive,-718873342328700721,15295943095662
sink-receive,3968390829059342543,15295945932276
sink-receive,3451067769217351887,15295960591306
sink-receive,-6561182518874210097,15295962730539
sink-receive,8881581958233063631,15295969782871
sink-receive,2382661810722439375,15295969863803
sink-receive,5586014381910524111,15295969999928
sink-receive,-5410288466464341809,15295976362772
sink-receive,4035914844598173903,15295979029477
sink-receive,-8660721318099943217,15295979998806
sink-receive,-5246896052119797553,15295981468469
sink-receive,8095634691463315663,15295986375925
sink-receive,1037547937028112591,15295988345248
sink-receive,5335072825923338447,15296000962010
sink-receive,5279272464784818383,15296007002032
sink-receive,7952664756416938191,15296009133772
sink-receive,-8485348444670525233,15296016959493
sink-receive,4078970989797442292,15296983489490
sink-receive,4984001451823989492,15296984087920
sink-receive,-6047519209255075084,15296993260263
sink-receive,-3989507722964892940,15296995228877
sink-receive,-4871525101679410444,15296997793938
sink-receive,-883622072985582860,15297005105333
sink-receive,6214237740762923764,15297005683735
sink-receive,-2722684574726356236,15297006516412
sink-receive,-7031795606053977356,15297025454078
sink-receive,-1283592766441389324,15297026567515
sink-receive,6922783121263821556,15297039176726
sink-receive,-6655135577014271244,15297043982802
sink-receive,9156665473851458292,15297046841585
sink-receive,-5043407833144490580,15297324000858
sink-receive,6682453265528915372,15297331493543
sink-receive,2206447385696011692,15297346546901
sink-receive,-7748091688832203348,15297350860700
sink-receive,8014227176960296364,15297360276706
sink-receive,6181482851284813228,15297361358519
sink-receive,-2640713706542987860,15297363154819
sink-receive,-6497481939056851540,15297368688345
sink-receive,-1384502365930912346,15298673027681
sink-receive,-3290711050642520666,15298674399044
sink-receive,2367175490092926374,15298674911578
sink-receive,-5331569979445738074,15298678442323
sink-receive,1613619449330402726,15298680137258
sink-receive,-6570939318771120730,15298687230805
sink-receive,7928860479999444390,15298688493706
sink-receive,-9110574543415540314,15298711224260
sink-receive,-508439212047989338,15298711794870
sink-receive,-9179048128978877018,15298717021638
sink-receive,5785035018854204838,15298719359092
sink-receive,-1476837097573710426,15298723140979
sink-receive,-8414668169335013134,15299224786420
sink-receive,1953106313085170,15299225931699
sink-receive,9109870469426708722,15299225967027
sink-receive,-3681177144681037490,15299571966207
sink-receive,-7706778840793611954,15299587303494
sink-receive,-143532545697382066,15299592710401
sink-receive,1037297905506976078,15299593233493
sink-receive,544299281276731726,15299638971998
sink-receive,6430074385851220302,15299667470393
sink-receive,472264918716908628,15299945137614
sink-receive,-6359780356924636076,15299951505313
sink-receive,-2970807017259662252,15299962041508
sink-receive,2943028770811937876,15299969429342
sink-receive,-4170945103101164460,15299970287288
sink-receive,-2842914814013995948,15299972324272
sink-receive,5832412455204029524,15299975316123
sink-receive,6113258743191831636,15299985376460
sink-receive,744909507091498068,15299993578177
sink-receive,-7225246413444086700,15299997475739
sink-receive,-2308438329101646764,15299999791803
sink-receive,-315791443283147692,15300013191373
sink-receive,5844070173266412628,15300018809893
sink-receive,3604037955791881300,15300023940765
sink-receive,8043656520505754708,15300025038859
sink-receive,-6338902396344728492,15300032235888
sink-receive,4322183146545087572,15300034384217
sink-receive,-2662388061433756588,15300036268605
sink-receive,-6519142412613319596,15300044448542
sink-receive,2092702044514157652,15300045340865
sink-receive,1257564100691493972,15300045977000
sink-receive,-764437903047654316,15300050373615
sink-receive,-3411804428032801708,15300053491907
sink-receive,6300961278022124628,15300053947318
sink-receive,-1761624808329575340,15300063555634
sink-receive,-4566825140855241644,15300073057163
sink-receive,-4765797150179195820,15300075116622
sink-receive,-202003543270357932,15300078463740
sink-receive,-3934179425976843180,15300080924507
sink-receive,232389822709236820,15300097518078
sink-receive,64364513041843284,15300101990366
sink-receive,-1268633124766481324,15300103474506
sink-receive,6478618932319093844,15300104927282
sink-receive,9082817110379332692,15300108960887
sink-receive,3498682966366749780,15300109765226
sink-receive,5988157907911312447,15300923722092
sink-receive,-8256595364044340161,15300927067578
sink-receive,-7898099928520457153,15300928676049
sink-receive,5677603829353284671,15300929422467
sink-receive,9125540305418847295,15300933837840
sink-receive,8004913634868200511,15300938309627
sink-receive,-6612512686640987073,15300947526179
sink-receive,-1843044988691151809,15300949487482
sink-receive,2593425115886650431,15300974708793
sink-receive,7597528595203884462,15301557522196
sink-receive,-2305119882749934162,15301560430107
sink-receive,-6867465926766230098,15301563344573
sink-receive,9109870469426709934,15301563877135
sink-receive,-2774564051630422610,15301564635914
sink-receive,2177645773095699886,15301565200017
sink-receive,4942067950946354606,15301566656415
sink-receive,-5226179904432765522,15301567606359
sink-receive,7378108946663343534,15301570528142
sink-receive,2036496332952175662,15303160208033
sink-receive,8196246031243936814,15303160918909
sink-receive,-1267628652175031250,15303164497420
sink-receive,6566642886891275310,15303169612687
sink-receive,-9060758085332630482,15303172579048
sink-receive,5417044570280035374,15303173116056
sink-receive,-8777330736748297170,15303184827991
sink-receive,-4208117752990269248,15303191090167
sink-receive,4991415548924395712,15303202739024
sink-receive,6451296390491406528,15303207022670
sink-receive,1561409418858332352,15303212169469
sink-receive,-2825906880960790336,15303215208236
sink-receive,8302894604689080512,15303216034865
sink-receive,4471360035183657152,15303216824658
sink-receive,3680978115896541376,15303231917552
sink-receive,2514830688998392835,15303943336601
sink-receive,-8649042855345519613,15303953135397
sink-receive,-6355617820650241021,15303957140378
sink-receive,5059701779424347139,15303970489819
sink-receive,-6467349217307261529,15304392237055
sink-receive,8995117644881331623,15304395569176
sink-receive,-3184494774245653081,15304397550443
sink-receive,-8699981816016140889,15304419950505
sink-receive,5098466169963152807,15304424354559
sink-receive,1499004085213332903,15304425825318
sink-receive,714002050551121319,15304438143207
sink-receive,3509740518584092071,15304442139696
sink-receive,8622304914401396135,15304445265699
sink-receive,7015304052623803815,15304446939808
sink-receive,8123701804526470551,15304879317055
sink-receive,-5530520853235628649,15304883682845
sink-receive,5115318646675080599,15304886874070
sink-receive,8292985977698256279,15304887592541
sink-receive,-7799077477531253353,15304888866231
sink-receive,1162242150574851479,15304894473639
sink-receive,-6020453003960515177,15304900018346
sink-receive,4478881592365811095,15304901662631
sink-receive,3571944182039709079,15304903469337
sink-receive,-5248860196498832201,15305740185399
sink-receive,-2219768256829324105,15305742598479
sink-receive,940620717114786999,15305745439872
sink-receive,6756040881536500919,15305747968806
sink-receive,-1954422647546706761,15305753410451
sink-receive,2884531973370414263,15305758018606
sink-receive,5004045578863117495,15305758575161
sink-receive,3829108187861091511,15305768805685
sink-receive,-5271018276376279881,15305783445607
sink-receive,4048009889115538615,15305799857997
sink-receive,624170541812548791,15305802403308
sink-receive,4500344879678751927,15305809139982
sink-receive,8181731996720956599,15305811282828
sink-receive,8227560676453778262,15305935993926
sink-receive,-8126774084827609713,15305969694626
sink-receive,1413499124665288079,15305975527679
sink-receive,-7634742816081443441,15305983912679
sink-receive,-3265012431654484593,15306009377568
sink-receive,9208704684884231567,15306010657150
sink-receive,-1854340486391659121,15306020668134
sink-receive,-6018617416542583468,15306996698798
sink-receive,-8667422394794637996,15307006139670
sink-receive,2671716442637862228,15307011016123
sink-receive,-4450152873950444204,15307014896553
sink-receive,756547790426867028,15307015407313
sink-receive,-7936223978090134188,15307027421592
sink-receive,8280593197457999188,15307028094491
sink-receive,5322291724804949332,15307030182717
sink-receive,-8590532816519821996,15307032693381
sink-receive,-4517332458881940140,15307056590859
sink-receive,3284333127287178580,15307063136033
sink-receive,-545959930381728428,15307064346959
sink-receive,-7768088051540032172,15307080189865
sink-receive,-1858882556041099948,15307093367257
sink-receive,4607022139210466644,15307095973162
sink-receive,-2723620276301462188,15307099581973
sink-receive,5056602986290087252,15307099989287
sink-receive,-5681614190641412780,15307100905653
sink-receive,-3578137864182954668,15307111001955
sink-receive,5628921723672855892,15307111064049
sink-receive,1725521257404825795,15307603026071
sink-receive,-3219609954411347773,15307614407243
sink-receive,-5870435968179240765,15307627213208
sink-receive,6359234277602754755,15307636970204
sink-receive,-5531691068615032637,15307641813659
sink-receive,6373997076631519427,15307642854535
sink-receive,6323361439436243139,15307644679544
sink-receive,802216452563140803,15307645945014
sink-receive,2274666026295623968,15308339937716
sink-receive,-1722712314433502944,15308350894870
sink-receive,-7144648272643096288,15308351349937
sink-receive,-2444211148795412192,15308352179497
sink-receive,-5264411130616348384,15308352310995
sink-receive,-6037454395778531040,15308358241567
sink-receive,8137672706075132192,15308367014482
sink-receive,1601443002297876768,15308367573004
sink-receive,3732102017858928928,15308378175228
sink-receive,-5785198884741447392,15308390773905
sink-receive,-1318130612808186811,15308398741956
sink-receive,-6791819024264068832,15308400452007
sink-receive,3112435152983163973,15308406061269
sink-receive,-3861574094759656379,15308419098163
sink-receive,6834850722509489221,15308423596105
sink-receive,6969132243658736709,15308427831132
sink-receive,8176743336372078029,15309385036686
sink-receive,-8879711070478924339,15309385886585
sink-receive,1593223396966008269,15309392821756
sink-receive,-1600487286175169075,15309394040988
sink-receive,-3178283989542631987,15309397249242
sink-receive,-140068976695704115,15309398759340
sink-receive,2787889634342864333,15309417891270
sink-receive,2809174057742763469,15309428656191
sink-receive,-640138839377050163,15309448626787
sink-receive,-7001216469698607667,15309455150538
sink-receive,6642406054158140877,15309457233755
sink-receive,-7736249605003672115,15309461226097
sink-receive,-3722401494918494771,15309468250369
sink-receive,3831216359673431501,15309468655478
sink-receive,-7124936030611831347,15309470462805
sink-receive,699526176812565965,15309498219269
sink-receive,-7852587766402513459,15309505198523
sink-receive,-7824229501801331251,15309511842743
sink-receive,6687970232625006029,15309512222584
sink-receive,975150914144830925,15309533259666
sink-receive,-4792195153051777587,15309541260799
sink-receive,4419093903848768973,15309544293922
sink-receive,-7372084512001358387,15309547556706
sink-receive,9020423072498320845,15309551125262
sink-receive,-2581218737227037235,15309569827004
sink-receive,-6425717171594197555,15309578474892
sink-receive,2865969180551675963,15309641108033
sink-receive,-4413328455714733230,15310511370302
sink-receive,-697521268898921646,15310530566261
sink-receive,3810419921867768658,15310531725273
sink-receive,-5913894620533619886,15310533477503
sink-receive,5430684832361349970,15310535132724
sink-receive,3852534154969219922,15310546242712
sink-receive,-2200140136027520174,15310547602000
sink-receive,-5982899167133957294,15310548637488
sink-receive,-4547788265251404974,15310562615285
sink-receive,-2603942945333705902,15310563871226
sink-receive,-2637226914653142190,15310573251549
sink-receive,-3307460177556404894,15311565586052
sink-receive,-90395884621134494,15311565656049
sink-receive,-978765275153300126,15311566926719
sink-receive,-7073750740681882270,15311570272359
sink-receive,6684797518808614242,15311570330940
sink-receive,7446309733083907426,15311591849754
sink-receive,8690263816853783906,15311592857602
sink-receive,-7300820739588881054,15311600509680
sink-receive,3849535855479752034,15311600946604
sink-receive,-6736593518728313502,15311602848964
sink-receive,7802371597188203874,15311608226450
sink-receive,8798450164684555618,15311614553243
sink-receive,6716483833308382562,15311624250720
sink-receive,-3553190074197736444,15312626063566
sink-receive,4292685826552235012,15312626562286
sink-receive,-828705796505205756,15312639003043
sink-receive,6590001972768670724,15312639834457
sink-receive,4046887738715145220,15312656342877
sink-receive,2409204356424401924,15312656407827
sink-receive,-7664934125479918588,15312659244305
sink-receive,-478124456699493372,15312675009753
sink-receive,5776365781986051076,15312704341433
sink-receive,5629999691744674820,15312714471542
sink-receive,9025867282848416772,15312719054095
sink-receive,4799891128855823364,15312735377973
sink-receive,-8386593226546479089,15313002846680
sink-receive,258787666668027919,15313014488325
sink-receive,6742509922077900815,15313025065404
sink-receive,2125597177559385264,15313367391985
sink-receive,897848684002149552,15313391181370
sink-receive,6819655828295910576,15313406447931
sink-receive,1384317008027321520,15313429768034
sink-receive,8247749281897776304,15313435697761
sink-receive,1727613683867059376,15313436324935
sink-receive,7685763896526767280,15313437641774
sink-receive,4001917614354859184,15313442582751
sink-receive,9101640040777254064,15313623323739
sink-receive,568250282366993584,15313623402329
sink-receive,-7499331890332039629,15314092572949
sink-receive,7624003563890411059,15314102444610
sink-receive,8743844203886282291,15314105255558
sink-receive,-8950609774966208973,15314107480889
sink-receive,-7655411878042008013,15314111888067
sink-receive,473881394083268147,15314116014850
sink-receive,-5078236319948208589,15314127274672
sink-receive,-7763837245097769421,15314128467173
sink-receive,-7779703610203437517,15314132168615
sink-receive,-1514937713801820621,15314135377660
