accept-in,9032028646560530908,20406867048214
accept-in,9032028646560530908,20406867058052
accept-in,-3548936135478918797,20406884644368
accept-in,-3548936135478918797,20406884654865
accept-in,7584958422234179390,20406901983547
accept-in,7584958422234179390,20406901993435
accept-in,3710260958381817456,20406920105274
accept-in,3710260958381817456,20406920116946
accept-in,-6115175065376107493,20406937421261
accept-in,-6115175065376107493,20406937433927
accept-in,-3906671834845214336,20406954664216
accept-in,-3906671834845214336,20406954674444
accept-in,-5829957951212195833,20406971679031
accept-in,-5829957951212195833,20406971690255
accept-in,2710749142538730534,20406988525608
accept-in,2710749142538730534,20406988534765
accept-in,-7031137505252597567,20407006240942
accept-in,-7031137505252597567,20407006250163
accept-in,9149894918933597613,20407024656705
accept-in,9149894918933597613,20407024666508
accept-in,4242063086101659412,20407040848374
accept-in,4242063086101659412,20407040857548
accept-in,3923079483642525382,20407060304588
accept-in,3923079483642525382,20407060312908
accept-in,1473692536741432555,20407076978998
accept-in,1473692536741432555,20407076996760
accept-in,-559128732477756004,20407093674596
accept-in,-559128732477756004,20407093687091
accept-in,-1073737608033998325,20407111492590
accept-in,-1073737608033998325,20407111501965
accept-in,2862167085747070235,20407130797783
accept-in,2862167085747070235,20407130807609
accept-in,-1211970643495016647,20407147639335
accept-in,-1211970643495016647,20407147648197
accept-in,-4038343029184746731,20407164648758
accept-in,-4038343029184746731,20407164657570
accept-in,-4158494797394558811,20407181479043
accept-in,-4158494797394558811,20407181488060
accept-in,6503565568074589236,20407199177794
accept-in,6503565568074589236,20407199187338
accept-in,-7592645828613335936,20407216878174
accept-in,-7592645828613335936,20407216888548
accept-in,-4321763602324269238,20407233488431
accept-in,-4321763602324269238,20407233498810
accept-in,-3014435517161923209,20407251550634
accept-in,-3014435517161923209,20407251560364
accept-in,4100519808392000486,20407269757510
accept-in,4100519808392000486,20407269767728
accept-in,-7951686388340647783,20407286155249
accept-in,-7951686388340647783,20407286165068
accept-in,6777438617337529698,20407303170270
accept-in,6777438617337529698,20407303183853
accept-in,1058316018039362002,20407321423499
accept-in,1058316018039362002,20407321446157
accept-in,4302151600280921618,20407338185816
accept-in,4302151600280921618,20407338195356
accept-in,-4676244062709995303,20407358363070
accept-in,-4676244062709995303,20407358375455
accept-in,9084806749254720572,20407374297656
accept-in,9084806749254720572,20407374306936
accept-in,-2342174343415327256,20407391269704
accept-in,-2342174343415327256,20407391279759
accept-in,9155709511890653256,20407410161567
accept-in,9155709511890653256,20407410171300
accept-in,6451850613133391206,20407428494867
accept-in,6451850613133391206,20407428505263
accept-in,-9061489418716198203,20407445754580
accept-in,-9061489418716198203,20407445763937
accept-in,8265570897123540814,20407462589333
accept-in,8265570897123540814,20407462601699
accept-in,4959388803323723010,20407478840346
accept-in,4959388803323723010,20407478864785
accept-in,-2231742890230666630,20407499218270
accept-in,-2231742890230666630,20407499227578
accept-in,-7868197100108958579,20407513796811
accept-in,-7868197100108958579,20407513806248
accept-in,-3648091541636206799,20407531376733
accept-in,-3648091541636206799,20407531388156
accept-in,4787959966825528372,20407549639647
accept-in,4787959966825528372,20407549650776
accept-in,-7324200077804612884,20407567247530
accept-in,-7324200077804612884,20407567257349
accept-in,5300326653649578731,20407584822736
accept-in,5300326653649578731,20407584832161
accept-in,2980095407326367570,20407600961178
accept-in,2980095407326367570,20407600970731
accept-in,-3612598223887453092,20407618487725
accept-in,-3612598223887453092,20407618506347
accept-in,5994073070184027016,20407635846046
accept-in,5994073070184027016,20407635856545
accept-in,7968735493210108473,20407655004427
accept-in,7968735493210108473,20407655016416
accept-in,295448662288044782,20407671906914
accept-in,295448662288044782,20407671916388
accept-in,-5655755949154056982,20407688325906
accept-in,-5655755949154056982,20407688338499
accept-in,2133066565457434597,20407705801941
accept-in,2133066565457434597,20407705812405
accept-in,8211883827262363384,20407723009828
accept-in,8211883827262363384,20407723022156
accept-in,4442819499414658119,20407742609707
accept-in,4442819499414658119,20407742619666
accept-in,-3133918189739556012,20407759403741
accept-in,-3133918189739556012,20407759413535
accept-in,-1429070531959739696,20407776079512
accept-in,-1429070531959739696,20407776088978
accept-in,4161767735264712053,20407793588843
accept-in,4161767735264712053,20407793598130
accept-in,2411431952603116954,20407810997262
accept-in,2411431952603116954,20407811006916
accept-in,5428421289097332934,20407830847511
accept-in,5428421289097332934,20407830859383
accept-in,-2494656165192590706,20407847476981
accept-in,-2494656165192590706,20407847488311
accept-in,-4947499519899721714,20407863278350
accept-in,-4947499519899721714,20407863286671
accept-in,-654587886279408592,20407880780549
accept-in,-654587886279408592,20407880789713
accept-in,7493164803901397674,20407898444172
accept-in,7493164803901397674,20407898453434
accept-in,-1866128375838629830,20407916748041
accept-in,-1866128375838629830,20407916757216
accept-in,2314180827864833035,20407934408974
accept-in,2314180827864833035,20407934419881
accept-in,2192793687008155177,20407951770833
accept-in,2192793687008155177,20407951780124
accept-in,-8650341258684096390,20407968503770
accept-in,-8650341258684096390,20407968513109
accept-in,8015076237755454157,20407987139866
accept-in,8015076237755454157,20407987150717
accept-in,-1779463243066325363,20408003735152
accept-in,-1779463243066325363,20408003744513
accept-in,673307388844536115,20408021348561
accept-in,673307388844536115,20408021357673
accept-in,2856848556827358543,20408039618413
accept-in,2856848556827358543,20408039636886
accept-in,8970062177572158292,20408056954013
accept-in,8970062177572158292,20408056963700
accept-in,-8799712288643403989,20408078913443
accept-in,-8799712288643403989,20408078923265
accept-in,-6012690637426695400,20408091621793
accept-in,-6012690637426695400,20408091632408
accept-in,-8241605931075693721,20408109002798
accept-in,-8241605931075693721,20408109013179
accept-in,-8089308795167299239,20408125805354
accept-in,-8089308795167299239,20408125815262
accept-in,6152861660174966820,20408143588819
accept-in,6152861660174966820,20408143606937
accept-in,7020164857379834858,20408164797058
accept-in,7020164857379834858,20408164814349
accept-in,-6158155316430284303,20408181645781
accept-in,-6158155316430284303,20408181655321
accept-in,-8933023076645767829,20408200532878
accept-in,-8933023076645767829,20408200542412
accept-in,1106268832134381558,20408216860570
accept-in,1106268832134381558,20408216878852
accept-in,-8389972067438740098,20408234696032
accept-in,-8389972067438740098,20408234706456
accept-in,3095350271953821498,20408252439706
accept-in,3095350271953821498,20408252468821
accept-in,6185498173702107995,20408269483764
accept-in,6185498173702107995,20408269494567
accept-in,8817223370653316526,20408290736558
accept-in,8817223370653316526,20408290748100
accept-in,9223020952560357187,20408304411813
accept-in,9223020952560357187,20408304420850
accept-in,8865895435830826467,20408321517662
accept-in,8865895435830826467,20408321526857
accept-in,7884935594249984293,20408339623719
accept-in,7884935594249984293,20408339632719
accept-in,-6629672309576904739,20408357486830
accept-in,-6629672309576904739,20408357495166
accept-in,-8799862211181124723,20408375491976
accept-in,-8799862211181124723,20408375501010
accept-in,-4220942881458191408,20408391532176
accept-in,-4220942881458191408,20408391541234
accept-in,-6244190635683109713,20408409028939
accept-in,-6244190635683109713,20408409039128
accept-in,3677607120209760819,20408427484314
accept-in,3677607120209760819,20408427493588
accept-in,246430420205052289,20408443971028
accept-in,246430420205052289,20408443979232
accept-in,-3961584710040784537,20408463365340
accept-in,-3961584710040784537,20408463373660
accept-in,-3999720773011499214,20408480715206
accept-in,-3999720773011499214,20408480724012
accept-in,1258509239379875892,20408496458619
accept-in,1258509239379875892,20408496469600
accept-in,-2797188851289804534,20408515512925
accept-in,-2797188851289804534,20408515523014
accept-in,6023414219392554501,20399752632821
accept-in,6023414219392554501,20399752651348
accept-in,5665771007387706895,20399769686070
accept-in,5665771007387706895,20399769705468
accept-in,-246922894033312325,20399785519854
accept-in,-246922894033312325,20399785539888
accept-in,-5123534179684742155,20399803482917
accept-in,-5123534179684742155,20399803502955
accept-in,-6351575122875819766,20399822686605
accept-in,-6351575122875819766,20399822708004
accept-in,-5072671231789734603,20399838654251
accept-in,-5072671231789734603,20399838672749
accept-in,-8193548528698983262,20399857514926
accept-in,-8193548528698983262,20399857537674
accept-in,-1200635503732349752,20399876699803
accept-in,-1200635503732349752,20399876720264
accept-in,8643393173012139806,20399893285413
accept-in,8643393173012139806,20399893320613
accept-in,1697667633028685219,20399912485820
accept-in,1697667633028685219,20399912521014
accept-in,2834976902313806574,20399928734532
accept-in,2834976902313806574,20399928757980
accept-in,-8809302454703870975,20399946782578
accept-in,-8809302454703870975,20399946816266
accept-in,-5664695192849012934,20399965042963
accept-in,-5664695192849012934,20399965060296
accept-in,-2483332024743540848,20399981604241
accept-in,-2483332024743540848,20399981623479
accept-in,-2261960763592950671,20399999559919
accept-in,-2261960763592950671,20399999579944
accept-in,4356719195787299706,20400016632850
accept-in,4356719195787299706,20400016650137
accept-in,-6982428936098883357,20400034287606
accept-in,-6982428936098883357,20400034305812
accept-in,-5082576871253777685,20400052886192
accept-in,-5082576871253777685,20400052905089
accept-in,-7928216878331818660,20400069579749
accept-in,-7928216878331818660,20400069598432
accept-in,-7555179753272092209,20400087844132
accept-in,-7555179753272092209,20400087879607
accept-in,-6646940013832930014,20400104635571
accept-in,-6646940013832930014,20400104658543
accept-in,-7635351106432079117,20400121135136
accept-in,-7635351106432079117,20400121155147
accept-in,-7254258060548519639,20400139911299
accept-in,-7254258060548519639,20400139935128
accept-in,-1288904338828880347,20400156730366
accept-in,-1288904338828880347,20400156749856
accept-in,1497738030982780055,20400174810900
accept-in,1497738030982780055,20400174832513
accept-in,-8325835540837870385,20400192641984
accept-in,-8325835540837870385,20400192663765
accept-in,609108409682745514,20400209933074
accept-in,609108409682745514,20400209953105
accept-in,-7856367179417169393,20400227379164
accept-in,-7856367179417169393,20400227398106
accept-in,-4345178440943460623,20400248335953
accept-in,-4345178440943460623,20400248360536
accept-in,6607239951295967287,20400261518007
accept-in,6607239951295967287,20400261538282
accept-in,7130025901590768287,20400279711022
accept-in,7130025901590768287,20400279730426
accept-in,-1645876928697817511,20400296700164
accept-in,-1645876928697817511,20400296719064
accept-in,5821510537587584331,20400315120365
accept-in,5821510537587584331,20400315139668
accept-in,-4010892776563918955,20400331479972
accept-in,-4010892776563918955,20400331501334
accept-in,4610008510261359480,20400349952098
accept-in,4610008510261359480,20400349971735
accept-in,-1742605022451426051,20400371166216
accept-in,-1742605022451426051,20400371185351
accept-in,-3715556451060413682,20400384165513
accept-in,-3715556451060413682,20400384203152
accept-in,3109623547393309310,20400402330433
accept-in,3109623547393309310,20400402358874
accept-in,-7468303070211428292,20400421634725
accept-in,-7468303070211428292,20400421654113
accept-in,1570700321121155727,20400441099530
accept-in,1570700321121155727,20400441122812
accept-in,1233086094946019844,20400459374608
accept-in,1233086094946019844,20400459393789
accept-in,8978242328120876895,20400480456568
accept-in,8978242328120876895,20400480474968
accept-in,3325943901316120007,20400495603546
accept-in,3325943901316120007,20400495636156
accept-in,-4945791525912179122,20400513188062
accept-in,-4945791525912179122,20400513213378
accept-in,8940070983219634258,20400530910561
accept-in,8940070983219634258,20400530959965
accept-in,-5061150592134077794,20400551005628
accept-in,-5061150592134077794,20400551058350
accept-in,6941268958411886228,20400566646465
accept-in,6941268958411886228,20400566673169
accept-in,-737798770384941252,20400583518577
accept-in,-737798770384941252,20400583531543
accept-in,5820923147504413587,20400602299923
accept-in,5820923147504413587,20400602318753
accept-in,438985282550539466,20400618541340
accept-in,438985282550539466,20400618573358
accept-in,-2673614950754303456,20400637784135
accept-in,-2673614950754303456,20400637796436
accept-in,8949352632943989517,20400654464747
accept-in,8949352632943989517,20400654476757
accept-in,-3960492279642505974,20400672054689
accept-in,-3960492279642505974,20400672070116
accept-in,-8139651165104932378,20400690245418
accept-in,-8139651165104932378,20400690260544
accept-in,-9027150217030347068,20400707377785
accept-in,-9027150217030347068,20400707390866
accept-in,-4356288261802177628,20400726504776
accept-in,-4356288261802177628,20400726517431
accept-in,841871584047728411,20400741166229
accept-in,841871584047728411,20400741177505
accept-in,-8762017437628023605,20400758858031
accept-in,-8762017437628023605,20400758886625
accept-in,-8372363295649305006,20400777452841
accept-in,-8372363295649305006,20400777467511
accept-in,-332729454841940836,20400793491890
accept-in,-332729454841940836,20400793505572
accept-in,1033678070199500528,20400812668717
accept-in,1033678070199500528,20400812684410
accept-in,-8997177920581520540,20400829190717
accept-in,-8997177920581520540,20400829204355
accept-in,8683814931380084090,20400849401615
accept-in,8683814931380084090,20400849417645
accept-in,-7055816474126139654,20400864736880
accept-in,-7055816474126139654,20400864749296
accept-in,-4200283376095427781,20400882517369
accept-in,-4200283376095427781,20400882532945
accept-in,-7322540479747257012,20400900440943
accept-in,-7322540479747257012,20400900453609
accept-in,-4898466407218172746,20400916975631
accept-in,-4898466407218172746,20400916988277
accept-in,-1765046095520216231,20400934713995
accept-in,-1765046095520216231,20400934726559
accept-in,206546330800775854,20400953217281
accept-in,206546330800775854,20400953230417
accept-in,-7056504807681506142,20400971019782
accept-in,-7056504807681506142,20400971034947
accept-in,-6484837387166357248,20400988336740
accept-in,-6484837387166357248,20400988357393
accept-in,5101378044104561101,20401004799877
accept-in,5101378044104561101,20401004812401
accept-in,-8769740956793342428,20401025711401
accept-in,-8769740956793342428,20401025723453
accept-in,7113271350339886507,20401041995229
accept-in,7113271350339886507,20401042007306
accept-in,1647004058689540712,20401058847537
accept-in,1647004058689540712,20401058861787
accept-in,-3369332304721096030,20401076590579
accept-in,-3369332304721096030,20401076601588
accept-in,-9015275670657504759,20401093606200
accept-in,-9015275670657504759,20401093618565
accept-in,-8819895570501543742,20401110669933
accept-in,-8819895570501543742,20401110681212
accept-in,6230595273926873126,20401129798771
accept-in,6230595273926873126,20401129826415
accept-in,-1996630689675154942,20401146770422
accept-in,-1996630689675154942,20401146783026
accept-in,-6755479803129899021,20401164019331
accept-in,-6755479803129899021,20401164033619
accept-in,-6392891951099174474,20401180024550
accept-in,-6392891951099174474,20401180036874
accept-in,5438549888731473472,20401198452105
accept-in,5438549888731473472,20401198479840
accept-in,-6619734839139104145,20401215367116
accept-in,-6619734839139104145,20401215378251
accept-in,4692181544337425537,20401234390249
accept-in,4692181544337425537,20401234403451
accept-in,-2978038783714861163,20401251087366
accept-in,-2978038783714861163,20401251101507
accept-in,5046130057078750857,20401268811917
accept-in,5046130057078750857,20401268824728
accept-in,-8540573170075014987,20401289562755
accept-in,-8540573170075014987,20401289575405
accept-in,-606407528515029205,20401305194116
accept-in,-606407528515029205,20401305206453
accept-in,4244195194846782687,20401323109824
accept-in,4244195194846782687,20401323124345
accept-in,-673728229051604950,20401340109114
accept-in,-673728229051604950,20401340121457
accept-in,-2283284737823342918,20401358110803
accept-in,-2283284737823342918,20401358123185
accept-in,224919217827529076,20401374947593
accept-in,224919217827529076,20401374959435
accept-in,-870181023281126879,20401392424601
accept-in,-870181023281126879,20401392436003
accept-in,-6294125384345688263,20401411216481
accept-in,-6294125384345688263,20401411239830
accept-in,-1156905914495833500,20401428559652
accept-in,-1156905914495833500,20401428570671
accept-in,8946875877636828042,20401444762934
accept-in,8946875877636828042,20401444773583
accept-in,-2976609503642335582,20401463343793
accept-in,-2976609503642335582,20401463354603
accept-in,5124202478355247028,20401480334253
accept-in,5124202478355247028,20401480346821
accept-in,4040077245394457063,20401497555090
accept-in,4040077245394457063,20401497567407
accept-in,6409064441229235404,20401515271047
accept-in,6409064441229235404,20401515318377
accept-in,6261420327359904396,20401532331360
accept-in,6261420327359904396,20401532343411
accept-in,-2370522862169228802,20401550949598
accept-in,-2370522862169228802,20401550966098
accept-in,-2897602484584364490,20401568579878
accept-in,-2897602484584364490,20401568591169
accept-in,7815503870757715606,20401585214316
accept-in,7815503870757715606,20401585226296
accept-in,-612070536783322550,20401603844294
accept-in,-612070536783322550,20401603854654
accept-in,7676834165049976343,20401620490676
accept-in,7676834165049976343,20401620501200
accept-in,7022861981378819897,20401637530780
accept-in,7022861981378819897,20401637541676
accept-in,1329480457458800049,20401655959762
accept-in,1329480457458800049,20401655977554
accept-in,3924589115000470896,20401674137322
accept-in,3924589115000470896,20401674148144
accept-in,2464599520347795565,20401691809500
accept-in,2464599520347795565,20401691823928
accept-in,-8663844497625360535,20401707724510
accept-in,-8663844497625360535,20401707736406
accept-in,-304906404384829749,20401725644438
accept-in,-304906404384829749,20401725656581
accept-in,7038343859367465976,20401742836948
accept-in,7038343859367465976,20401742849166
accept-in,-1976383155648059227,20401759914407
accept-in,-1976383155648059227,20401759925715
accept-in,4757280497431242283,20401777871717
accept-in,4757280497431242283,20401777884796
accept-in,2656077068411885805,20401794955398
accept-in,2656077068411885805,20401794966658
accept-in,2582824192073385036,20401814367378
accept-in,2582824192073385036,20401814381482
accept-in,4091483166821332136,20401831696722
accept-in,4091483166821332136,20401831709180
accept-in,5512544993617308827,20401848758349
accept-in,5512544993617308827,20401848770449
accept-in,8901837622411925288,20401868640115
accept-in,8901837622411925288,20401868654357
accept-in,-4690192098552818612,20401882921386
accept-in,-4690192098552818612,20401882932625
accept-in,163129709349250129,20401900505012
accept-in,163129709349250129,20401900516333
accept-in,-4721286490288638194,20401918046920
accept-in,-4721286490288638194,20401918058447
accept-in,8166315435770626548,20401938213893
accept-in,8166315435770626548,20401938227986
accept-in,9056428381481989770,20401955583088
accept-in,9056428381481989770,20401955595350
accept-in,-1777431545613992467,20401971827233
accept-in,-1777431545613992467,20401971839958
accept-in,-3456622783520719821,20401989119040
accept-in,-3456622783520719821,20401989134834
accept-in,1434776398231836529,20402007266759
accept-in,1434776398231836529,20402007278419
accept-in,-320273075173442629,20402024365278
accept-in,-320273075173442629,20402024380699
accept-in,-8296802472056696255,20402043040713
accept-in,-8296802472056696255,20402043053837
accept-in,3091835707284819776,20402060236399
accept-in,3091835707284819776,20402060248237
accept-in,-7536930281712958996,20402078687048
accept-in,-7536930281712958996,20402078700008
accept-in,-3228578749690768136,20402095077211
accept-in,-3228578749690768136,20402095089631
accept-in,6218148154032050209,20402113954677
accept-in,6218148154032050209,20402113967114
accept-in,4534519799770872061,20402130551545
accept-in,4534519799770872061,20402130566119
accept-in,-2377320736385641298,20402147637766
accept-in,-2377320736385641298,20402147650322
accept-in,2346623539951104305,20402166367893
accept-in,2346623539951104305,20402166379231
accept-in,8301071656058410214,20402182687954
accept-in,8301071656058410214,20402182704042
accept-in,-5214203191817101446,20402201052646
accept-in,-5214203191817101446,20402201065653
accept-in,6869236533911733484,20402218296227
accept-in,6869236533911733484,20402218307348
accept-in,-412964905299361748,20402235473312
accept-in,-412964905299361748,20402235483930
accept-in,4216294266159117451,20402254180325
accept-in,4216294266159117451,20402254190866
accept-in,8057042626236696690,20402270922885
accept-in,8057042626236696690,20402270933572
accept-in,3875283449003297431,20402287817966
accept-in,3875283449003297431,20402287828820
accept-in,3877722507136435945,20402305514685
accept-in,3877722507136435945,20402305525975
accept-in,5074727923637770157,20402321980786
accept-in,5074727923637770157,20402321993005
accept-in,6374651875710205100,20402340336721
accept-in,6374651875710205100,20402340348885
accept-in,2142062370189205406,20402361866961
accept-in,2142062370189205406,20402361878718
accept-in,3243789119913182542,20402374759341
accept-in,3243789119913182542,20402374785619
accept-in,9200232852257227196,20402391834288
accept-in,9200232852257227196,20402391846702
accept-in,-9137562478750061953,20402410339799
accept-in,-9137562478750061953,20402410350662
accept-in,-7578227118635866577,20402427378093
accept-in,-7578227118635866577,20402427398898
accept-in,-2869761728381838345,20402446403263
accept-in,-2869761728381838345,20402446414139
accept-in,2685209400886987337,20402464083091
accept-in,2685209400886987337,20402464093451
accept-in,-8587392316630383694,20402481744372
accept-in,-8587392316630383694,20402481755468
accept-in,1847588354583948901,20402497010101
accept-in,1847588354583948901,20402497024511
accept-in,-8649740218848067124,20402514402945
accept-in,-8649740218848067124,20402514414961
accept-in,-7468412742345636486,20402532312108
accept-in,-7468412742345636486,20402532326105
accept-in,6257553195166129932,20402551340863
accept-in,6257553195166129932,20402551351608
accept-in,5846004249796625121,20402568194582
accept-in,5846004249796625121,20402568204910
accept-in,4278307052241427688,20402584689773
accept-in,4278307052241427688,20402584702608
accept-in,-7401175074044749794,20402603432276
accept-in,-7401175074044749794,20402603443623
accept-in,-1080430557814448868,20402619073249
accept-in,-1080430557814448868,20402619084386
accept-in,-858119920772920213,20402637663492
accept-in,-858119920772920213,20402637675451
accept-in,920751022304511385,20402654965182
accept-in,920751022304511385,20402654980027
accept-in,8036136815038553381,20402674494733
accept-in,8036136815038553381,20402674506228
accept-in,4783387390310788978,20402689721735
accept-in,4783387390310788978,20402689737079
accept-in,1664219901708868889,20402707781428
accept-in,1664219901708868889,20402707794803
accept-in,-2427286569193246692,20402725092247
accept-in,-2427286569193246692,20402725105565
accept-in,8026630530008394337,20402742461434
accept-in,8026630530008394337,20402742473146
accept-in,-1850345988326059542,20402761322554
accept-in,-1850345988326059542,20402761334734
accept-in,6981839104220572412,20402780237881
accept-in,6981839104220572412,20402780262519
accept-in,3441507088507494269,20402795214321
accept-in,3441507088507494269,20402795230425
accept-in,-2315242936905668629,20402813473456
accept-in,-2315242936905668629,20402813517040
accept-in,-804962622414680981,20402830221832
accept-in,-804962622414680981,20402830230874
accept-in,-8778675720271397607,20402849060788
accept-in,-8778675720271397607,20402849069784
accept-in,9193692877361743066,20402865339410
accept-in,9193692877361743066,20402865348940
accept-in,209418486434047954,20402883810025
accept-in,209418486434047954,20402883822456
accept-in,-5613154250518824592,20402900177469
accept-in,-5613154250518824592,20402900187869
accept-in,-595667148640944806,20402918205671
accept-in,-595667148640944806,20402918215573
accept-in,-5197212151492740404,20402935042414
accept-in,-5197212151492740404,20402935051588
accept-in,-8188189828298680956,20402954735788
accept-in,-8188189828298680956,20402954745139
accept-in,-2222289692703814207,20402972211909
accept-in,-2222289692703814207,20402972220792
accept-in,-4562427624117280798,20402987904503
accept-in,-4562427624117280798,20402987913443
accept-in,-6569030485394763422,20403005301160
accept-in,-6569030485394763422,20403005310163
accept-in,-5330962298887624524,20403023058857
accept-in,-5330962298887624524,20403023068182
accept-in,-5141930943089593239,20403039987498
accept-in,-5141930943089593239,20403039996414
accept-in,1697990952837109390,20403072237112
accept-in,1697990952837109390,20403072246623
accept-in,8050667582314238327,20403078032186
accept-in,8050667582314238327,20403078041070
accept-in,-7998795775773520377,20403096525932
accept-in,-7998795775773520377,20403096535521
accept-in,-8532911542215049919,20403116581303
accept-in,-8532911542215049919,20403116592905
accept-in,-409937656623148594,20403131023871
accept-in,-409937656623148594,20403131033340
accept-in,-3332186585721681825,20403149203017
accept-in,-3332186585721681825,20403149212051
accept-in,-6834587345286314814,20403166768230
accept-in,-6834587345286314814,20403166776514
accept-in,2205882114112058423,20403184299853
accept-in,2205882114112058423,20403184309155
accept-in,-6272030557565609500,20403202047055
accept-in,-6272030557565609500,20403202056420
accept-in,1964499111941109650,20403218189167
accept-in,1964499111941109650,20403218199418
accept-in,-6968444020957215505,20403235430906
accept-in,-6968444020957215505,20403235440563
accept-in,-889891820649026273,20403253437015
accept-in,-889891820649026273,20403253446131
accept-in,5346084330070571960,20403270816634
accept-in,5346084330070571960,20403270825924
accept-in,4862312058898476920,20403287878402
accept-in,4862312058898476920,20403287887981
accept-in,1574863196729294921,20403305239850
accept-in,1574863196729294921,20403305249708
accept-in,2634607105423607373,20403322290402
accept-in,2634607105423607373,20403322301053
accept-in,-8918407069038319685,20403341898489
accept-in,-8918407069038319685,20403341909611
accept-in,8294263536641193271,20403359163005
accept-in,8294263536641193271,20403359181623
accept-in,6957401920556894241,20403375394782
accept-in,6957401920556894241,20403375405451
accept-in,4059686415721861594,20403392854149
accept-in,4059686415721861594,20403392864511
accept-in,-8782704712751284493,20403411001510
accept-in,-8782704712751284493,20403411025535
accept-in,-5102185397056352898,20403427988929
accept-in,-5102185397056352898,20403427998336
accept-in,-1824968911277921731,20403446671502
accept-in,-1824968911277921731,20403446681961
accept-in,8944714738787348869,20403463508163
accept-in,8944714738787348869,20403463516916
accept-in,-2299027038142157997,20403482008467
accept-in,-2299027038142157997,20403482016833
accept-in,-6641422191516670475,20403497646911
accept-in,-6641422191516670475,20403497656198
accept-in,-2577387490026520863,20403515945454
accept-in,-2577387490026520863,20403515963899
accept-in,-2160061199840882883,20403533039067
accept-in,-2160061199840882883,20403533065746
accept-in,954013601981979875,20403551207157
accept-in,954013601981979875,20403551216788
accept-in,8892111629664799538,20403568715289
accept-in,8892111629664799538,20403568724176
accept-in,-5317466734793193889,20403584950912
accept-in,-5317466734793193889,20403584959515
accept-in,4782979372442324636,20403603560621
accept-in,4782979372442324636,20403603569662
accept-in,-2131461691988406549,20403620851523
accept-in,-2131461691988406549,20403620861203
accept-in,-8390153466644808864,20403637982583
accept-in,-8390153466644808864,20403637992420
accept-in,-3730077098103614526,20403656970114
accept-in,-3730077098103614526,20403656979508
accept-in,-3119735057143720347,20403673971918
accept-in,-3119735057143720347,20403673981558
accept-in,-6193739527235150095,20403689719890
accept-in,-6193739527235150095,20403689728489
accept-in,-4889789342176491260,20403707814825
accept-in,-4889789342176491260,20403707833256
accept-in,-599430981493810281,20403725821332
accept-in,-599430981493810281,20403725833994
accept-in,-3490174831430565091,20403742084453
accept-in,-3490174831430565091,20403742095187
accept-in,-5948921783474598208,20403760658736
accept-in,-5948921783474598208,20403760669046
accept-in,4280717554286801699,20403777703697
accept-in,4280717554286801699,20403777715193
accept-in,-1431874555217880320,20403794346096
accept-in,-1431874555217880320,20403794355975
accept-in,6027896812051994726,20403813284840
accept-in,6027896812051994726,20403813294207
accept-in,5828520389170561726,20403831006247
accept-in,5828520389170561726,20403831024128
accept-in,916427525490083750,20403847292565
accept-in,916427525490083750,20403847302536
accept-in,4777424142807690721,20403864898335
accept-in,4777424142807690721,20403864923131
accept-in,3626404890016106294,20403882279423
accept-in,3626404890016106294,20403882288697
accept-in,-7931164501233345132,20403900485712
accept-in,-7931164501233345132,20403900495212
accept-in,8900208715403017122,20403918000159
accept-in,8900208715403017122,20403918008476
accept-in,3504846538646502078,20403935099430
accept-in,3504846538646502078,20403935108230
accept-in,4624436092859501018,20403951794377
accept-in,4624436092859501018,20403951803356
accept-in,-3038959481183220487,20403970354720
accept-in,-3038959481183220487,20403970363292
accept-in,-4899323551771119229,20403986512362
accept-in,-4899323551771119229,20403986521258
accept-in,4330771707105542241,20404004555921
accept-in,4330771707105542241,20404004565397
accept-in,1557230023595327583,20404021361834
accept-in,1557230023595327583,20404021370884
accept-in,2978935214816346632,20404040926705
accept-in,2978935214816346632,20404040935839
accept-in,4253217250151718156,20404062833378
accept-in,4253217250151718156,20404062842345
accept-in,1199985919052395989,20404073983360
accept-in,1199985919052395989,20404073991597
accept-in,3410638346406011636,20404091836899
accept-in,3410638346406011636,20404091845707
accept-in,-3367731892537505009,20404110329338
accept-in,-3367731892537505009,20404110339088
accept-in,-4258032898422588733,20404126532946
accept-in,-4258032898422588733,20404126542018
accept-in,7358240505379799276,20404145523434
accept-in,7358240505379799276,20404145532768
accept-in,-7655539823449924832,20404164082795
accept-in,-7655539823449924832,20404164091894
accept-in,5094131035357838607,20404180609182
accept-in,5094131035357838607,20404180618221
accept-in,45411204931557406,20404198397958
accept-in,45411204931557406,20404198406841
accept-in,2367360205839494990,20404217145963
accept-in,2367360205839494990,20404217154820
accept-in,4974333357239331878,20404234210435
accept-in,4974333357239331878,20404234219557
accept-in,7784983785366772779,20404251993824
accept-in,7784983785366772779,20404252002740
accept-in,4873392118494488715,20404269755180
accept-in,4873392118494488715,20404269764248
accept-in,7188657348719903223,20404285272221
accept-in,7188657348719903223,20404285281356
accept-in,-8910682801256522505,20404304088191
accept-in,-8910682801256522505,20404304097259
accept-in,-4584103911603052234,20404320309690
accept-in,-4584103911603052234,20404320318792
accept-in,-1550121035698228166,20404338754865
accept-in,-1550121035698228166,20404338763829
accept-in,-5073854186034644404,20404356814568
accept-in,-5073854186034644404,20404356828323
accept-in,-7099868253692719772,20404372459617
accept-in,-7099868253692719772,20404372468928
accept-in,3449162113024701296,20404389585003
accept-in,3449162113024701296,20404389594567
accept-in,-2281198409790376142,20404408666128
accept-in,-2281198409790376142,20404408675253
accept-in,7612408157515243932,20404425413918
accept-in,7612408157515243932,20404425422913
accept-in,5101903271307433984,20404442405654
accept-in,5101903271307433984,20404442414721
accept-in,3526073370395825071,20404460370483
accept-in,3526073370395825071,20404460380089
accept-in,1524100133465092144,20404484328895
accept-in,1524100133465092144,20404484338143
accept-in,3366025447398741786,20404494771725
accept-in,3366025447398741786,20404494780290
accept-in,4837434282241697731,20404513584229
accept-in,4837434282241697731,20404513594024
accept-in,-621732340852626874,20404531356439
accept-in,-621732340852626874,20404531365548
accept-in,5772160714949647044,20404550476667
accept-in,5772160714949647044,20404550485742
accept-in,-1673864678003787035,20404565871023
accept-in,-1673864678003787035,20404565881773
accept-in,3172019809286755572,20404584704910
accept-in,3172019809286755572,20404584714707
accept-in,115921557683421631,20404602452106
accept-in,115921557683421631,20404602461338
accept-in,973496629271108652,20404618528298
accept-in,973496629271108652,20404618536959
accept-in,-3314580273423128263,20404636979298
accept-in,-3314580273423128263,20404636993368
accept-in,4779310917820630009,20404655241887
accept-in,4779310917820630009,20404655253984
accept-in,-4811571828294989690,20404672828793
accept-in,-4811571828294989690,20404672838442
accept-in,136043168946324103,20404689818585
accept-in,136043168946324103,20404689827595
accept-in,-8282556503011601972,20404705747529
accept-in,-8282556503011601972,20404705757881
accept-in,2292335051369942722,20404724141031
accept-in,2292335051369942722,20404724151493
accept-in,2802243570225959932,20404740722187
accept-in,2802243570225959932,20404740730951
accept-in,3707521022810661455,20404758707071
accept-in,3707521022810661455,20404758716052
accept-in,2735202319934624944,20404776053550
accept-in,2735202319934624944,20404776072570
accept-in,-2509363922824658120,20404793233642
accept-in,-2509363922824658120,20404793242549
accept-in,556217846961659984,20404810927064
accept-in,556217846961659984,20404810940724
accept-in,8859597967671818313,20404828263992
accept-in,8859597967671818313,20404828273735
accept-in,-1273675990406800313,20404847339355
accept-in,-1273675990406800313,20404847353198
accept-in,7029020840732901771,20404865093168
accept-in,7029020840732901771,20404865103695
accept-in,6590573248863674077,20404882870117
accept-in,6590573248863674077,20404882882823
accept-in,9093857874461605020,20404898959746
accept-in,9093857874461605020,20404898970288
accept-in,-4199833996494362474,20404917778107
accept-in,-4199833996494362474,20404917788398
accept-in,-6531287476304472274,20404937433624
accept-in,-6531287476304472274,20404937445543
accept-in,-7666907774581508873,20404956710317
accept-in,-7666907774581508873,20404956722373
accept-in,9068951159010838263,20404974818076
accept-in,9068951159010838263,20404974829030
accept-in,5075982425185089941,20404987832826
accept-in,5075982425185089941,20404987839798
accept-in,2131094347417167553,20405005062763
accept-in,2131094347417167553,20405005073828
accept-in,7156045563541253171,20405023979856
accept-in,7156045563541253171,20405023990936
accept-in,-7038376516083061218,20405043956858
accept-in,-7038376516083061218,20405043967988
accept-in,2808028496786565647,20405061570459
accept-in,2808028496786565647,20405061580381
accept-in,-3180515756569187359,20405079469827
accept-in,-3180515756569187359,20405079481152
accept-in,2634145862344810265,20405098236126
accept-in,2634145862344810265,20405098246249
accept-in,1125093044187612731,20405115483493
accept-in,1125093044187612731,20405115495535
accept-in,-8520874696503224918,20405132966567
accept-in,-8520874696503224918,20405132976915
accept-in,2515427984520732468,20405150177139
accept-in,2515427984520732468,20405150187345
accept-in,-716694788688075459,20405168237972
accept-in,-716694788688075459,20405168248191
accept-in,-5541924821719556838,20405185028920
accept-in,-5541924821719556838,20405185039545
accept-in,2964960184488084362,20405204385209
accept-in,2964960184488084362,20405204397071
accept-in,3818414566631801328,20405220651284
accept-in,3818414566631801328,20405220664002
accept-in,-6525122445625178441,20405238987854
accept-in,-6525122445625178441,20405239004657
accept-in,2328332265223633428,20405256216399
accept-in,2328332265223633428,20405256230742
accept-in,-380701649584675200,20405273612323
accept-in,-380701649584675200,20405273626604
accept-in,9063055352116581896,20405291190996
accept-in,9063055352116581896,20405291203103
accept-in,7131032157899043462,20405308778564
accept-in,7131032157899043462,20405308790042
accept-in,522556241666393606,20405326207233
accept-in,522556241666393606,20405326217562
accept-in,6374420351996307912,20405342863945
accept-in,6374420351996307912,20405342874482
accept-in,1953861294388533363,20405360422089
accept-in,1953861294388533363,20405360431602
accept-in,-1690511283888071766,20405377145391
accept-in,-1690511283888071766,20405377154742
accept-in,3094860714279467550,20405395306887
accept-in,3094860714279467550,20405395316512
accept-in,3090249755072932891,20405411745504
accept-in,3090249755072932891,20405411755555
accept-in,-9214945918607501560,20405430047164
accept-in,-9214945918607501560,20405430057075
accept-in,-8622097610600375041,20405447124235
accept-in,-8622097610600375041,20405447134890
accept-in,-1104888631001892660,20405464392001
accept-in,-1104888631001892660,20405464402449
accept-in,-3296307659584833792,20405481525322
accept-in,-3296307659584833792,20405481535858
accept-in,2693220132509324368,20405501271967
accept-in,2693220132509324368,20405501282426
accept-in,-1910429304750228910,20405517602537
accept-in,-1910429304750228910,20405517612337
accept-in,-6003245775681042187,20405533644651
accept-in,-6003245775681042187,20405533653747
accept-in,-5713144521937627974,20405552193904
accept-in,-5713144521937627974,20405552203507
accept-in,4139659630782006748,20405569427983
accept-in,4139659630782006748,20405569437034
accept-in,7308067691536718433,20405587952879
accept-in,7308067691536718433,20405587962741
accept-in,-6901504560567295262,20405603612300
accept-in,-6901504560567295262,20405603636871
accept-in,3651468713702895358,20405622361067
accept-in,3651468713702895358,20405622370954
accept-in,7806942525828136341,20405638596720
accept-in,7806942525828136341,20405638606467
accept-in,4014923651683664040,20405655496463
accept-in,4014923651683664040,20405655506416
accept-in,2421481143438928322,20405674957927
accept-in,2421481143438928322,20405674967497
accept-in,-8148525438302433295,20405691833347
accept-in,-8148525438302433295,20405691843811
accept-in,3702113786964624999,20405710476432
accept-in,3702113786964624999,20405710487100
accept-in,1785288535050074863,20405727075451
accept-in,1785288535050074863,20405727086739
accept-in,6171643733846731641,20405743596934
accept-in,6171643733846731641,20405743607356
accept-in,-1892393399206433047,20405762370195
accept-in,-1892393399206433047,20405762385121
accept-in,4041237423443303713,20405778747933
accept-in,4041237423443303713,20405778760236
accept-in,5909465058181741019,20405796928141
accept-in,5909465058181741019,20405796942090
accept-in,-322164526009357313,20405812896791
accept-in,-322164526009357313,20405812908696
accept-in,-4852023803723332116,20405830612398
accept-in,-4852023803723332116,20405830622661
accept-in,-2595192776111608287,20405849031701
accept-in,-2595192776111608287,20405849042655
accept-in,121741261761638381,20405866703266
accept-in,121741261761638381,20405866713017
accept-in,4562826670087917727,20405883852273
accept-in,4562826670087917727,20405883861083
accept-in,5932819232491832136,20405901647450
accept-in,5932819232491832136,20405901656319
accept-in,-7593653039485374335,20405918703058
accept-in,-7593653039485374335,20405918720593
accept-in,-901075636014851799,20405936668746
accept-in,-901075636014851799,20405936681360
accept-in,-711630225831148949,20405956099547
accept-in,-711630225831148949,20405956112871
accept-in,-3414524513164135047,20405972169305
accept-in,-3414524513164135047,20405972176003
accept-in,-6378681310746613871,20405988602164
accept-in,-6378681310746613871,20405988613103
accept-in,-1355232403302178443,20406005019391
accept-in,-1355232403302178443,20406005029255
accept-in,1307005236972794116,20406022999391
accept-in,1307005236972794116,20406023008734
accept-in,3581226507613172392,20406041277150
accept-in,3581226507613172392,20406041286069
accept-in,132602517204220293,20406060253575
accept-in,132602517204220293,20406060268049
accept-in,1433421085165285962,20406076562110
accept-in,1433421085165285962,20406076571070
accept-in,-7568024602559077803,20406095561920
accept-in,-7568024602559077803,20406095571073
accept-in,-2785692721199229101,20406111301970
accept-in,-2785692721199229101,20406111312619
accept-in,7206156775744823021,20406128969375
accept-in,7206156775744823021,20406128979233
accept-in,8633488675872980716,20406147252919
accept-in,8633488675872980716,20406147263399
accept-in,4205167059533421449,20406164656786
accept-in,4205167059533421449,20406164668493
accept-in,-4987041977976024936,20406181770603
accept-in,-4987041977976024936,20406181780886
accept-in,-8421344813455752944,20406198616140
accept-in,-8421344813455752944,20406198626871
accept-in,4269625591553069298,20406216296239
accept-in,4269625591553069298,20406216308054
accept-in,5361986622912613227,20406234689925
accept-in,5361986622912613227,20406234702062
accept-in,6942591879998777530,20406252603939
accept-in,6942591879998777530,20406252614073
accept-in,2144080276905812152,20406270305077
accept-in,2144080276905812152,20406270314926
accept-in,6225870918598501413,20406286983488
accept-in,6225870918598501413,20406286993614
accept-in,4274778359789181228,20406303738378
accept-in,4274778359789181228,20406303748314
accept-in,-5381753877748414312,20406321197610
accept-in,-5381753877748414312,20406321207121
accept-in,4561779381012304510,20406339593610
accept-in,4561779381012304510,20406339605868
accept-in,5170777233027128210,20406356436565
accept-in,5170777233027128210,20406356446974
accept-in,-2303675332855362034,20406373631600
accept-in,-2303675332855362034,20406373641429
accept-in,-8050469888134126123,20406392814200
accept-in,-8050469888134126123,20406392824282
accept-in,7479147567236071413,20406408612732
accept-in,7479147567236071413,20406408624909
accept-in,6392701800622118734,20406427258858
accept-in,6392701800622118734,20406427268628
accept-in,8457513613638556074,20406443375065
accept-in,8457513613638556074,20406443384464
accept-in,5882196436880808896,20406461142189
accept-in,5882196436880808896,20406461151046
accept-in,-6105162799733383092,20406479636984
accept-in,-6105162799733383092,20406479648442
accept-in,4909059980441758608,20406495953533
accept-in,4909059980441758608,20406495963647
accept-in,-2725908662986045665,20406514306037
accept-in,-2725908662986045665,20406514314699
accept-in,2361819954456019687,20406530873289
accept-in,2361819954456019687,20406530881781
accept-in,2798855107389111801,20406549048373
accept-in,2798855107389111801,20406549057218
accept-in,-7306637464935703667,20406567462883
accept-in,-7306637464935703667,20406567472210
accept-in,5055210144044149651,20406583131747
accept-in,5055210144044149651,20406583140205
accept-in,8718157344535747885,20406602617778
accept-in,8718157344535747885,20406602636167
accept-in,-4422809368444655587,20406619824814
accept-in,-4422809368444655587,20406619833419
accept-in,-3976131565227341230,20406636843198
accept-in,-3976131565227341230,20406636851779
accept-in,1543578449346933175,20406654151025
accept-in,1543578449346933175,20406654159841
accept-in,-5370070684335039678,20406670757242
accept-in,-5370070684335039678,20406670766686
accept-in,-3740387396959151635,20406688833287
accept-in,-3740387396959151635,20406688842185
accept-in,3086785618062465152,20406705361306
accept-in,3086785618062465152,20406705370664
accept-in,1876805696381316455,20406722884763
accept-in,1876805696381316455,20406722896612
accept-in,7867302883174714067,20406745437000
accept-in,7867302883174714067,20406745447133
accept-in,3188292963875385702,20406763456301
accept-in,3188292963875385702,20406763467502
accept-in,4210476876338765299,20406778798979
accept-in,4210476876338765299,20406778808130
accept-in,7455104120809788557,20406797805887
accept-in,7455104120809788557,20406797823957
accept-in,-6887807539207597465,20406813910705
accept-in,-6887807539207597465,20406813922986
accept-in,-3157732990047507964,20406831596636
accept-in,-3157732990047507964,20406831606495
accept-in,-8666171745388308446,20406848671330
accept-in,-8666171745388308446,20406848682370
