accept-in,-1706431158741196398,15864991205744
accept-in,-1706431158741196398,15864991212349
accept-in,7130260115962045408,15865001750056
accept-in,7130260115962045408,15865001756619
accept-in,-607989462177905085,15865009862232
accept-in,-607989462177905085,15865009868359
accept-in,8278176764258699217,15865019467979
accept-in,8278176764258699217,15865019474661
accept-in,2798631623785778940,15865028777419
accept-in,2798631623785778940,15865028780691
accept-in,-7663180514042934883,15865063732391
accept-in,-7663180514042934883,15865063798714
accept-in,-1589672410658491179,15865063801421
accept-in,-1589672410658491179,15865063839174
accept-in,-6321443133282379358,15865063840734
accept-in,-6321443133282379358,15865063958013
accept-in,782554532147675510,15865067036043
accept-in,782554532147675510,15865067043916
accept-in,-6400725570297882003,15865077081071
accept-in,-6400725570297882003,15865077087619
accept-in,-4335865275481629374,15865085855889
accept-in,-4335865275481629374,15865085860322
accept-in,-7890159181836926379,15865095743780
accept-in,-7890159181836926379,15865095749363
accept-in,-5897442358622960702,15865104731309
accept-in,-5897442358622960702,15865104735156
accept-in,-6060928870568558016,15865114028790
accept-in,-6060928870568558016,15865114035608
accept-in,-1133793177548214388,15865123394310
accept-in,-1133793177548214388,15865123397985
accept-in,-5877008276468023715,15865132764491
accept-in,-5877008276468023715,15865132768534
accept-in,7530704019085095469,15865143043960
accept-in,7530704019085095469,15865143051379
accept-in,-5137220706444668976,15865151860346
accept-in,-5137220706444668976,15865151867234
accept-in,-9036097810072474488,15865161698315
accept-in,-9036097810072474488,15865161702688
accept-in,-5124656517252581984,15865171247006
accept-in,-5124656517252581984,15865171253291
accept-in,-1027114903892793637,15865181138951
accept-in,-1027114903892793637,15865181146708
accept-in,2401960012789330122,15865189098199
accept-in,2401960012789330122,15865189105577
accept-in,2121099094972224116,15865198630428
accept-in,2121099094972224116,15865198635571
accept-in,-6414449480171761222,15865211541049
accept-in,-6414449480171761222,15865211924593
accept-in,-4736758209664244291,15865218434119
accept-in,-4736758209664244291,15865218445685
accept-in,7921860424469202458,15865227090482
accept-in,7921860424469202458,15865227102469
accept-in,-3758142456977648755,15865237658352
accept-in,-3758142456977648755,15865237667531
accept-in,910034735554003846,15865248026679
accept-in,910034735554003846,15865248032712
accept-in,8458354706553538062,15865257028713
accept-in,8458354706553538062,15865257035781
accept-in,-3651855004669545465,15865265033297
accept-in,-3651855004669545465,15865265041148
accept-in,-5363490288803876328,15865275105170
accept-in,-5363490288803876328,15865275116764
accept-in,777608438317208811,15865283997555
accept-in,777608438317208811,15865284003152
accept-in,6466088603952983664,15865293518117
accept-in,6466088603952983664,15865293528500
accept-in,606426335629007596,15865303981147
accept-in,606426335629007596,15865303990227
accept-in,2430079178528903923,15865312250472
accept-in,2430079178528903923,15865312257715
accept-in,3665988208778378424,15865322440925
accept-in,3665988208778378424,15865322451548
accept-in,-8726306616711308836,15865330839804
accept-in,-8726306616711308836,15865330846197
accept-in,-8691113279597538011,15865341432775
accept-in,-8691113279597538011,15865341443554
accept-in,860240957471098717,15865349713937
accept-in,860240957471098717,15865349717990
accept-in,-8498847042108237962,15865359324784
accept-in,-8498847042108237962,15865359329728
accept-in,-5660649683748507327,15865370064924
accept-in,-5660649683748507327,15865370071553
accept-in,-8269035674178619084,15865378340906
accept-in,-8269035674178619084,15865378348640
accept-in,-6554122967113659878,15865388575747
accept-in,-6554122967113659878,15865388592678
accept-in,-1662199049668093063,15865399428570
accept-in,-1662199049668093063,15865399434830
accept-in,-8430625528113725180,15865407427789
accept-in,-8430625528113725180,15865407435374
accept-in,9077237847865983598,15865417184088
accept-in,9077237847865983598,15865417190102
accept-in,-2444266006706028377,15865427424182
accept-in,-2444266006706028377,15865427427730
accept-in,2155818429493208524,15865436183056
accept-in,2155818429493208524,15865436187288
accept-in,6967762614085646037,15865445850026
accept-in,6967762614085646037,15865445858369
accept-in,-5060721532438660068,15865454413312
accept-in,-5060721532438660068,15865454421263
accept-in,-7065452766246613827,15865464485251
accept-in,-7065452766246613827,15865464493058
accept-in,-6671626961717588467,15865473675469
accept-in,-6671626961717588467,15865473681898
accept-in,-471743426148096194,15865483927418
accept-in,-471743426148096194,15865483931749
accept-in,-5547640196445395895,15865492428706
accept-in,-5547640196445395895,15865492435927
accept-in,-972787239420187516,15865501938980
accept-in,-972787239420187516,15865501944871
accept-in,-138229638136369251,15865511420211
accept-in,-138229638136369251,15865511428740
accept-in,-587104384794049632,15865522401339
accept-in,-587104384794049632,15865522408851
accept-in,7503541752737170548,15865531778671
accept-in,7503541752737170548,15865531786227
accept-in,-173534099044321761,15865541071664
accept-in,-173534099044321761,15865541078418
accept-in,4104964243618375801,15865549961475
accept-in,4104964243618375801,15865549968486
accept-in,7895586991646989288,15865560059127
accept-in,7895586991646989288,15865560064992
accept-in,4803188113308817970,15865569560209
accept-in,4803188113308817970,15865569567938
accept-in,-4437593716624376279,15865578046518
accept-in,-4437593716624376279,15865578053791
accept-in,5834539321217085978,15865588235928
accept-in,5834539321217085978,15865588242768
accept-in,-8334296061673715623,15865596833052
accept-in,-8334296061673715623,15865596839352
accept-in,-47161965224680886,15865607334955
accept-in,-47161965224680886,15865607344156
accept-in,-2653513376907483299,15865616310522
accept-in,-2653513376907483299,15865616318156
accept-in,-7450336442883853336,15865625123984
accept-in,-7450336442883853336,15865625131007
accept-in,-8220467831786129405,15865634725824
accept-in,-8220467831786129405,15865634733855
accept-in,3883521016680965314,15865645195510
accept-in,3883521016680965314,15865645203512
accept-in,-5540516421937925333,15865653514120
accept-in,-5540516421937925333,15865653524761
accept-in,2582448849408941253,15865664165246
accept-in,2582448849408941253,15865664173100
accept-in,-6399880704849589846,15865673526853
accept-in,-6399880704849589846,15865673535017
accept-in,383026535750094681,15865684840067
accept-in,383026535750094681,15865684849935
accept-in,-5865928505345225797,15865728018879
accept-in,-5865928505345225797,15865728268075
accept-in,-2387721627530148262,15865728270734
accept-in,-2387721627530148262,15865728273074
accept-in,1259383951646844381,15865728273845
accept-in,1259383951646844381,15865728274925
accept-in,-7303062465271693491,15865728275656
accept-in,-7303062465271693491,15865728311040
accept-in,-3398635969781590777,15865738907284
accept-in,-3398635969781590777,15865738911046
accept-in,-1168348326858193078,15865743013620
accept-in,-1168348326858193078,15865743017236
accept-in,-3177481061441232401,15865753336419
accept-in,-3177481061441232401,15865753342794
accept-in,-4573423509812200068,15865762174175
accept-in,-4573423509812200068,15865762178783
accept-in,4609355616225086815,15865773847988
accept-in,4609355616225086815,15865774153115
accept-in,3211049691079075086,15865781530101
accept-in,3211049691079075086,15865781538533
accept-in,-767170423359270557,15865791508468
accept-in,-767170423359270557,15865791515858
accept-in,-978880233897532882,15865800311250
accept-in,-978880233897532882,15865800317448
accept-in,1794408693772626464,15865810502999
accept-in,1794408693772626464,15865810511338
accept-in,6257736238090565841,15865819186260
accept-in,6257736238090565841,15865819192939
accept-in,-1210534676963274822,15865828794195
accept-in,-1210534676963274822,15865828800723
accept-in,7450341939877747031,15865840247808
accept-in,7450341939877747031,15865840254480
accept-in,3813530153113015777,15865848667536
accept-in,3813530153113015777,15865848674972
accept-in,-4482586419840014041,15865856925454
accept-in,-4482586419840014041,15865856933888
accept-in,-4472884234287272157,15865867150703
accept-in,-4472884234287272157,15865867158602
accept-in,-1621434301153862383,15865876536333
accept-in,-1621434301153862383,15865876543961
accept-in,2402646411229504036,15865886442964
accept-in,2402646411229504036,15865886450225
accept-in,-5237798035814520825,15861162186207
accept-in,-5237798035814520825,15861162192443
accept-in,5490557652982764871,15861173049691
accept-in,5490557652982764871,15861173057549
accept-in,4057148510055520405,15861180825708
accept-in,4057148510055520405,15861180836276
accept-in,8328622163228047807,15861190856787
accept-in,8328622163228047807,15861190877875
accept-in,7337681229665571169,15861200072003
accept-in,7337681229665571169,15861200092090
accept-in,4984106473455008257,15861209260172
accept-in,4984106473455008257,15861209268026
accept-in,-4737086176480734859,15861218685376
accept-in,-4737086176480734859,15861218692866
accept-in,-2438077491214033163,15861228375750
accept-in,-2438077491214033163,15861228384042
accept-in,-4313343741359029021,15861237637914
accept-in,-4313343741359029021,15861237646514
accept-in,-5217060266782136578,15861246899992
accept-in,-5217060266782136578,15861246908191
accept-in,-7167829362422359870,15861256046109
accept-in,-7167829362422359870,15861256068513
accept-in,-1600551885953278536,15861265773622
accept-in,-1600551885953278536,15861265779566
accept-in,-1807654322145017602,15861275105955
accept-in,-1807654322145017602,15861275113235
accept-in,6394471501723023398,15861284707159
accept-in,6394471501723023398,15861284714621
accept-in,7586707015847499070,15861294310851
accept-in,7586707015847499070,15861294317820
accept-in,2438308505769722167,15861303172618
accept-in,2438308505769722167,15861303180608
accept-in,-3369863884686996508,15861312285608
accept-in,-3369863884686996508,15861312293495
accept-in,2046672808922549651,15861321822610
accept-in,2046672808922549651,15861321837728
accept-in,5057209869400264660,15861331400270
accept-in,5057209869400264660,15861331422489
accept-in,7407004182301476759,15861340477815
accept-in,7407004182301476759,15861340486075
accept-in,5122443138624416652,15861349923970
accept-in,5122443138624416652,15861349931852
accept-in,700270436997064364,15861359161290
accept-in,700270436997064364,15861359169347
accept-in,-2177760918742129285,15861368801686
accept-in,-2177760918742129285,15861368809326
accept-in,-7054123002568300812,15861378119472
accept-in,-7054123002568300812,15861378127607
accept-in,277762596297201441,15861387589448
accept-in,277762596297201441,15861387597348
accept-in,-3454372306046789263,15861470844698
accept-in,-3454372306046789263,15861470852641
accept-in,-4775667608293838795,15861477969998
accept-in,-4775667608293838795,15861477975945
accept-in,8777427629045260566,15861479144200
accept-in,8777427629045260566,15861479148037
accept-in,-8069154222783642952,15861480561971
accept-in,-8069154222783642952,15861480566537
accept-in,-8649206425806144292,15861481183573
accept-in,-8649206425806144292,15861481187853
accept-in,-2222388454516481535,15861481891877
accept-in,-2222388454516481535,15861481895762
accept-in,7238295869761717429,15861495298332
accept-in,7238295869761717429,15861495305057
accept-in,-6461198999609703515,15861495393734
accept-in,-6461198999609703515,15861495396308
accept-in,5947466911984703087,15861495655791
accept-in,5947466911984703087,15861495659822
accept-in,-5249875709297501394,15861496290758
accept-in,-5249875709297501394,15861496295518
accept-in,7371616171350693623,15861496654849
accept-in,7371616171350693623,15861496659742
accept-in,802177976983877895,15861507721343
accept-in,802177976983877895,15861508279312
accept-in,-1497175998994577157,15861527544293
accept-in,-1497175998994577157,15861527549745
accept-in,-8447059500667528157,15861539029201
accept-in,-8447059500667528157,15861539032589
accept-in,-440038765725810022,15861564428396
accept-in,-440038765725810022,15861564434407
accept-in,-4698686403114077427,15861602976820
accept-in,-4698686403114077427,15861603436728
accept-in,8013882223940947165,15861618342913
accept-in,8013882223940947165,15861618346694
accept-in,4644555489979063819,15861621835942
accept-in,4644555489979063819,15861621839189
accept-in,1015650029740769601,15861627458272
accept-in,1015650029740769601,15861627464894
accept-in,-4002632227933609995,15861632215428
accept-in,-4002632227933609995,15861632221343
accept-in,-6719962543827477790,15861641728661
accept-in,-6719962543827477790,15861641734220
accept-in,3010650303305625003,15861654332420
accept-in,3010650303305625003,15861654339289
accept-in,-4250039173874082226,15861656873077
accept-in,-4250039173874082226,15861656879327
accept-in,3504020982183520687,15861659827289
accept-in,3504020982183520687,15861659833249
accept-in,-8174217506885467139,15861694582660
accept-in,-8174217506885467139,15861694592700
accept-in,2278149255348873541,15861697512047
accept-in,2278149255348873541,15861697520333
accept-in,1522257499416928462,15861697563272
accept-in,1522257499416928462,15861697565669
accept-in,-8175875885353849053,15861697986806
accept-in,-8175875885353849053,15861697992041
accept-in,6524163075287158936,15861698802462
accept-in,6524163075287158936,15861698807282
accept-in,7988762294076769342,15861699567093
accept-in,7988762294076769342,15861699572285
accept-in,7473546929012438748,15861700253017
accept-in,7473546929012438748,15861700258776
accept-in,-7714816775121513724,15861701152021
accept-in,-7714816775121513724,15861701155026
accept-in,3059443963401645769,15861709969766
accept-in,3059443963401645769,15861709973279
accept-in,1018060749906089558,15861718172135
accept-in,1018060749906089558,15861718177086
accept-in,2909292734247114434,15861762501203
accept-in,2909292734247114434,15861762508393
accept-in,3620880908496911304,15861765271685
accept-in,3620880908496911304,15861765275699
accept-in,-2212996847398202260,15861767246717
accept-in,-2212996847398202260,15861767251838
accept-in,-2071938993079407508,15861768699975
accept-in,-2071938993079407508,15861768705297
accept-in,-1831879086551489314,15861773500070
accept-in,-1831879086551489314,15861773509165
accept-in,1714408825246700719,15861774170718
accept-in,1714408825246700719,15861774175714
accept-in,-6386209216814323782,15861789316666
accept-in,-6386209216814323782,15861789686400
accept-in,-170058180067867531,15861804356056
accept-in,-170058180067867531,15861804361456
accept-in,-7974972777180896394,15861821867302
accept-in,-7974972777180896394,15861821873416
accept-in,1400092553056117476,15861821896778
accept-in,1400092553056117476,15861821901438
accept-in,3666702970614373939,15861822503713
accept-in,3666702970614373939,15861822507357
accept-in,1701823600492398662,15861831235831
accept-in,1701823600492398662,15861832237514
accept-in,3436812162759956222,15861839762922
accept-in,3436812162759956222,15861839771483
accept-in,150671489118042793,15861853900451
accept-in,150671489118042793,15861854087311
accept-in,-1616844901707492819,15861876561721
accept-in,-1616844901707492819,15861876616678
accept-in,9172304135717321751,15861899026807
accept-in,9172304135717321751,15861899031050
accept-in,-6352605126910583035,15861899080878
accept-in,-6352605126910583035,15861899224618
accept-in,5151809564257629756,15861903219194
accept-in,5151809564257629756,15861903503463
accept-in,7273589341640797702,15861919986653
accept-in,7273589341640797702,15861919990634
accept-in,-2512154025275363939,15861925536390
accept-in,-2512154025275363939,15861925542260
accept-in,-749659093315484881,15861925919531
accept-in,-749659093315484881,15861925929040
accept-in,3650086832102969456,15861928992901
accept-in,3650086832102969456,15861929002687
accept-in,-7344988228530796748,15861941332680
accept-in,-7344988228530796748,15861941374396
accept-in,2066561869911638188,15861950122024
accept-in,2066561869911638188,15861950240873
accept-in,-8336166417545303096,15861956379453
accept-in,-8336166417545303096,15861956589842
accept-in,6064020961310634394,15861964597454
accept-in,6064020961310634394,15861964651249
accept-in,-2939712616874067562,15861976513733
accept-in,-2939712616874067562,15861976533452
accept-in,2116785872747177872,15861983533442
accept-in,2116785872747177872,15861983583339
accept-in,4842908418896221586,15861992360549
accept-in,4842908418896221586,15861992527958
accept-in,-6999230449841780632,15862003728552
accept-in,-6999230449841780632,15862003736227
accept-in,8831277283924916882,15862009166302
accept-in,8831277283924916882,15862009284279
accept-in,-3493460444961763857,15862019757702
accept-in,-3493460444961763857,15862019765685
accept-in,4782879610460878174,15862036673320
accept-in,4782879610460878174,15862036700014
accept-in,7638517975869075875,15862038183797
accept-in,7638517975869075875,15862038206907
accept-in,-5269412680321140855,15862047302275
accept-in,-5269412680321140855,15862047305580
accept-in,2697906189619378257,15862056250061
accept-in,2697906189619378257,15862056337283
accept-in,-2695834334895495086,15862065880954
accept-in,-2695834334895495086,15862065884454
accept-in,4654159100137483168,15862080979995
accept-in,4654159100137483168,15862080983403
accept-in,1052166750000329400,15862085352349
accept-in,1052166750000329400,15862085362188
accept-in,-8521387352547120232,15862097259949
accept-in,-8521387352547120232,15862097705648
accept-in,3712059859792732815,15862107119804
accept-in,3712059859792732815,15862107158060
accept-in,2033492560991384902,15862113880771
accept-in,2033492560991384902,15862114050280
accept-in,-5451869521232654282,15862121729160
accept-in,-5451869521232654282,15862122038043
accept-in,4465329068120820135,15862131745149
accept-in,4465329068120820135,15862131748685
accept-in,9156887395767104711,15862142206355
accept-in,9156887395767104711,15862142216406
accept-in,-5466102027249420644,15862150462241
accept-in,-5466102027249420644,15862150602749
accept-in,8908937708758946115,15862159541707
accept-in,8908937708758946115,15862159592715
accept-in,8764752922138657053,15862175935660
accept-in,8764752922138657053,15862176369046
accept-in,-1298056131222833307,15862183410090
accept-in,-1298056131222833307,15862183796900
accept-in,4456956529467236538,15862191465122
accept-in,4456956529467236538,15862191521543
accept-in,-6585980035498348801,15862242245707
accept-in,-6585980035498348801,15862242252271
accept-in,7549116850489100758,15862242253872
accept-in,7549116850489100758,15862242256723
accept-in,2859260653060903381,15862242276552
accept-in,2859260653060903381,15862242278152
accept-in,1629739466330385440,15862242278975
accept-in,1629739466330385440,15862242280026
accept-in,2156046666372361566,15862249702969
accept-in,2156046666372361566,15862249709538
accept-in,-8222378506310470489,15862250324287
accept-in,-8222378506310470489,15862250329847
accept-in,7886912686282519375,15862261467430
accept-in,7886912686282519375,15862261470990
accept-in,-6187889222159932493,15862278195654
accept-in,-6187889222159932493,15862278502056
accept-in,-6107295525521927397,15862284052940
accept-in,-6107295525521927397,15862284337340
accept-in,-7938160302478828737,15862284383353
accept-in,-7938160302478828737,15862284662299
accept-in,6263032550548907002,15862304254369
accept-in,6263032550548907002,15862304258136
accept-in,-2944803726850746824,15862306364539
accept-in,-2944803726850746824,15862306517337
accept-in,2952952554011774534,15862316576670
accept-in,2952952554011774534,15862316580775
accept-in,3392204606932223399,15862334392738
accept-in,3392204606932223399,15862334435087
accept-in,-3095175898532198582,15862334457511
accept-in,-3095175898532198582,15862334459529
accept-in,-3457422315439107441,15862353181489
accept-in,-3457422315439107441,15862353225866
accept-in,1936327052213206296,15862357057983
accept-in,1936327052213206296,15862357119178
accept-in,3812670834112009168,15862358664629
accept-in,3812670834112009168,15862358841598
accept-in,-8831057168510589705,15862367027055
accept-in,-8831057168510589705,15862367152581
accept-in,-149395923460332634,15862376942228
accept-in,-149395923460332634,15862377009197
accept-in,5688979570244224847,15862388115399
accept-in,5688979570244224847,15862388119397
accept-in,6281526149081764538,15862402503106
accept-in,6281526149081764538,15862402866103
accept-in,-4027164137273641559,15862407114519
accept-in,-4027164137273641559,15862407117496
accept-in,-303647246002947185,15862418639707
accept-in,-303647246002947185,15862418648823
accept-in,-5600498439509353950,15862426149157
accept-in,-5600498439509353950,15862426202421
accept-in,436354621309602615,15862433855382
accept-in,436354621309602615,15862433859222
accept-in,-5924289852879554620,15862443675901
accept-in,-5924289852879554620,15862443678550
accept-in,-1856723685529295861,15862453065361
accept-in,-1856723685529295861,15862453117197
accept-in,6909404341444879221,15862462830172
accept-in,6909404341444879221,15862463104031
accept-in,7852079298769416429,15862472921630
accept-in,7852079298769416429,15862472964060
accept-in,7543366107729480948,15862481780681
accept-in,7543366107729480948,15862481826691
accept-in,1035550163206051295,15862490575631
accept-in,1035550163206051295,15862490733144
accept-in,646885121282912594,15862503498940
accept-in,646885121282912594,15862503763072
accept-in,-5094392393138289243,15862511163070
accept-in,-5094392393138289243,15862511200320
accept-in,4906008312844938206,15862523448988
accept-in,4906008312844938206,15862523497477
accept-in,2486455607044065657,15862528760693
accept-in,2486455607044065657,15862528932032
accept-in,-7853305474327466192,15862538336433
accept-in,-7853305474327466192,15862538386978
accept-in,-540868026094857516,15862546935435
accept-in,-540868026094857516,15862546986171
accept-in,-4311525153654164657,15862557927956
accept-in,-4311525153654164657,15862557963656
accept-in,1850098255608164812,15862565281508
accept-in,1850098255608164812,15862565430169
accept-in,-1240980187403373642,15862586588079
accept-in,-1240980187403373642,15862586652922
accept-in,6027255385404714068,15862586655130
accept-in,6027255385404714068,15862586794095
accept-in,-2727742590428629382,15862620893397
accept-in,-2727742590428629382,15862621002860
accept-in,-2293654726805372039,15862621920153
accept-in,-2293654726805372039,15862621923436
accept-in,-5510890500244867158,15862621924879
accept-in,-5510890500244867158,15862622105614
accept-in,-2813026731431264751,15862622149595
accept-in,-2813026731431264751,15862622198927
accept-in,2168192873506937168,15862637835479
accept-in,2168192873506937168,15862638162325
accept-in,-7066762501648613359,15862641035868
accept-in,-7066762501648613359,15862641086508
accept-in,814199239661688800,15862650634431
accept-in,814199239661688800,15862650681911
accept-in,1836719306788835436,15862662942254
accept-in,1836719306788835436,15862662946939
accept-in,8861112666739970142,15862679308351
accept-in,8861112666739970142,15862679316923
accept-in,-8288153133324875127,15862679411668
accept-in,-8288153133324875127,15862679413838
accept-in,-4766715346487094266,15862696959507
accept-in,-4766715346487094266,15862696971468
accept-in,5529331413643770242,15862698317943
accept-in,5529331413643770242,15862698328117
accept-in,-5012240333166209308,15862708900481
accept-in,-5012240333166209308,15862708909961
accept-in,3050526377353804309,15862716373430
accept-in,3050526377353804309,15862716377208
accept-in,1794624436401991360,15862729256208
accept-in,1794624436401991360,15862729261460
accept-in,-5657054613031783329,15862737935158
accept-in,-5657054613031783329,15862737962524
accept-in,-103281482507007373,15862748690982
accept-in,-103281482507007373,15862748699146
accept-in,1611241100668500505,15862754173178
accept-in,1611241100668500505,15862754177615
accept-in,330770038929660619,15862762885901
accept-in,330770038929660619,15862762894858
accept-in,-473308154375885161,15862772529854
accept-in,-473308154375885161,15862772538343
accept-in,-8883646010079810566,15862781501868
accept-in,-8883646010079810566,15862781644266
accept-in,-5032894097496585973,15862796136212
accept-in,-5032894097496585973,15862796141030
accept-in,-2534073948290192165,15862808830333
accept-in,-2534073948290192165,15862808839503
accept-in,-5342574209530092446,15862810808794
accept-in,-5342574209530092446,15862810811551
accept-in,7662583091344124289,15862822747014
accept-in,7662583091344124289,15862822756959
accept-in,8708887293872429482,15862829016943
accept-in,8708887293872429482,15862829025103
accept-in,6466223758956813260,15862838972353
accept-in,6466223758956813260,15862838980941
accept-in,1065767599795012309,15862853277035
accept-in,1065767599795012309,15862853281347
accept-in,-7455513789397773323,15862866431770
accept-in,-7455513789397773323,15862866439574
accept-in,-1035682591199452329,15862868573248
accept-in,-1035682591199452329,15862868600183
accept-in,2861748225948326578,15862875880307
accept-in,2861748225948326578,15862875890096
accept-in,2770168718801455740,15862886961941
accept-in,2770168718801455740,15862886965516
accept-in,-2230174208216891096,15862917299385
accept-in,-2230174208216891096,15862917304655
accept-in,-2264737987416602915,15862917541904
accept-in,-2264737987416602915,15862917544739
accept-in,-3051924466007229871,15862917551048
accept-in,-3051924466007229871,15862917553759
accept-in,-3254665841248766765,15862924373652
accept-in,-3254665841248766765,15862924376513
accept-in,2521831400078971198,15862931297503
accept-in,2521831400078971198,15862931307121
accept-in,1248183408361808530,15862941567822
accept-in,1248183408361808530,15862941753940
accept-in,4293006384720551387,15862951841582
accept-in,4293006384720551387,15862952017717
accept-in,-1496948520079216054,15862960058145
accept-in,-1496948520079216054,15862960068409
accept-in,515997293824324322,15862969144903
accept-in,515997293824324322,15862969154224
accept-in,-8588520455191698754,15862977726226
accept-in,-8588520455191698754,15862977744796
accept-in,-5882605839812227883,15862987204984
accept-in,-5882605839812227883,15862987213825
accept-in,-3386903628330660860,15862996919125
accept-in,-3386903628330660860,15862996924115
accept-in,-3304688043240040070,15863006110062
accept-in,-3304688043240040070,15863006118694
accept-in,4860937735958712999,15863016490222
accept-in,4860937735958712999,15863016499174
accept-in,-4138464255879996799,15863029352288
accept-in,-4138464255879996799,15863029376307
accept-in,-2584031346949628286,15863036624396
accept-in,-2584031346949628286,15863036628074
accept-in,-2247644493972063452,15863047465405
accept-in,-2247644493972063452,15863047474236
accept-in,-9211619948242250552,15863055060032
accept-in,-9211619948242250552,15863055068281
accept-in,-4194382967033293486,15863065114880
accept-in,-4194382967033293486,15863065123321
accept-in,-4570733121945458202,15863074533967
accept-in,-4570733121945458202,15863074543272
accept-in,-6106919855682289164,15863083267361
accept-in,-6106919855682289164,15863083271852
accept-in,4907293800211043866,15863095811271
accept-in,4907293800211043866,15863095816074
accept-in,2593577048999693400,15863106152536
accept-in,2593577048999693400,15863106156677
accept-in,6214447572158074517,15863111400374
accept-in,6214447572158074517,15863111404002
accept-in,-8155231943690183358,15863121110278
accept-in,-8155231943690183358,15863121118148
accept-in,-841586817286278983,15863130780117
accept-in,-841586817286278983,15863130789736
accept-in,-5071100169182399175,15863139972480
accept-in,-5071100169182399175,15863139981665
accept-in,-2470602686642174545,15863153900024
accept-in,-2470602686642174545,15863153908482
accept-in,4739361735503111117,15863161644181
accept-in,4739361735503111117,15863161704759
accept-in,-1792284189106431345,15863194131356
accept-in,-1792284189106431345,15863194147156
accept-in,-8993498368237873319,15863194149087
accept-in,-8993498368237873319,15863194150956
accept-in,5483377601814706973,15863194151674
accept-in,5483377601814706973,15863194153004
accept-in,3396867876792729946,15863195778330
accept-in,3396867876792729946,15863195782613
accept-in,-7382775621900121573,15863218433786
accept-in,-7382775621900121573,15863218441641
accept-in,7359978308841639596,15863237382188
accept-in,7359978308841639596,15863237391022
accept-in,388693184203915026,15863237392421
accept-in,388693184203915026,15863237394872
accept-in,-1088773868261801185,15863237395703
accept-in,-1088773868261801185,15863237396963
accept-in,-3615592761886439962,15863251271001
accept-in,-3615592761886439962,15863251278991
accept-in,-5760975015143892621,15863256057169
accept-in,-5760975015143892621,15863256064036
accept-in,-4637003376929945768,15863269543872
accept-in,-4637003376929945768,15863269551341
accept-in,757487063166290404,15863286828673
accept-in,757487063166290404,15863286837270
accept-in,-8859978673892343233,15863288335286
accept-in,-8859978673892343233,15863288345754
accept-in,3127852509998224874,15863289826545
accept-in,3127852509998224874,15863289836342
accept-in,8267945936051843251,15863298927597
accept-in,8267945936051843251,15863298937483
accept-in,3817311520565073666,15863308607889
accept-in,3817311520565073666,15863308612672
accept-in,636641913933766407,15863329375628
accept-in,636641913933766407,15863329383343
accept-in,-5586676882908864456,15863331024865
accept-in,-5586676882908864456,15863331034224
accept-in,5470868491871125539,15863345331208
accept-in,5470868491871125539,15863345339328
accept-in,-2421363800679438809,15863346707550
accept-in,-2421363800679438809,15863346727072
accept-in,-3725817868544703125,15863355436796
accept-in,-3725817868544703125,15863355446297
accept-in,3974060782930888652,15863364651445
accept-in,3974060782930888652,15863364660768
accept-in,4169881863777197501,15863376616728
accept-in,4169881863777197501,15863376627462
accept-in,-1227215413695540442,15863383761090
accept-in,-1227215413695540442,15863383767178
accept-in,7521306817160677064,15863400006242
accept-in,7521306817160677064,15863400011408
accept-in,6415529244219892573,15863402364338
accept-in,6415529244219892573,15863402373290
accept-in,-8543028908096641710,15863412027174
accept-in,-8543028908096641710,15863412036595
accept-in,8057849970002733890,15863422414419
accept-in,8057849970002733890,15863422424442
accept-in,8852690312837540184,15863432435576
accept-in,8852690312837540184,15863432440105
accept-in,-3135791870014282868,15863448082237
accept-in,-3135791870014282868,15863448091274
accept-in,-6494760199989169105,15863449477560
accept-in,-6494760199989169105,15863449512132
accept-in,4716366352332226078,15863459098806
accept-in,4716366352332226078,15863459130158
accept-in,8818297869271470135,15863468739167
accept-in,8818297869271470135,15863468850292
accept-in,-841052641947357155,15863480285306
accept-in,-841052641947357155,15863480308798
accept-in,6022878137500034705,15863491223641
accept-in,6022878137500034705,15863491230742
accept-in,-2152656758459868068,15863499555851
accept-in,-2152656758459868068,15863499599114
accept-in,-6700534377143105900,15863508248878
accept-in,-6700534377143105900,15863508267408
accept-in,-5872617528589718417,15863518343345
accept-in,-5872617528589718417,15863518350532
accept-in,-2741730996967064954,15863525438123
accept-in,-2741730996967064954,15863525447400
accept-in,5092535830461937562,15863535853955
accept-in,5092535830461937562,15863535860972
accept-in,3568118655257660445,15863543656796
accept-in,3568118655257660445,15863543699472
accept-in,-6075738300170036012,15863553191745
accept-in,-6075738300170036012,15863553200042
accept-in,2425837643793086115,15863563244003
accept-in,2425837643793086115,15863563252984
accept-in,2636907023171806305,15863574577161
accept-in,2636907023171806305,15863574586010
accept-in,-6642756071216984162,15863581059629
accept-in,-6642756071216984162,15863581067572
accept-in,8445743532428917957,15863592853468
accept-in,8445743532428917957,15863592860605
accept-in,7949399281113738873,15863599394111
accept-in,7949399281113738873,15863599401956
accept-in,3639733991044966678,15863608924278
accept-in,3639733991044966678,15863608927764
accept-in,6359388106207326697,15863618502043
accept-in,6359388106207326697,15863618509821
accept-in,-6876468591923721065,15863628818475
accept-in,-6876468591923721065,15863628825915
accept-in,2241357768570977642,15863637300442
accept-in,2241357768570977642,15863637303714
accept-in,-8276551436677237352,15863645934457
accept-in,-8276551436677237352,15863645942508
accept-in,5605073601275120367,15863655415310
accept-in,5605073601275120367,15863655422947
accept-in,562705857785916155,15863664759334
accept-in,562705857785916155,15863664766783
accept-in,7115053251514095818,15863674939556
accept-in,7115053251514095818,15863674947973
accept-in,-3514873466172385082,15863683205740
accept-in,-3514873466172385082,15863683212760
accept-in,528325091967366649,15863718422536
accept-in,528325091967366649,15863718458969
accept-in,5066366258411365651,15863718461029
accept-in,5066366258411365651,15863718592073
accept-in,-6659784859339854208,15863718593899
accept-in,-6659784859339854208,15863718766123
accept-in,-5265052168474394058,15863723424855
accept-in,-5265052168474394058,15863723542615
accept-in,3307564584193740849,15863730370094
accept-in,3307564584193740849,15863730374014
accept-in,7829322189529519266,15863740266856
accept-in,7829322189529519266,15863740275975
accept-in,4100116802224050151,15863750139177
accept-in,4100116802224050151,15863750159476
accept-in,-4978235365564589736,15863758783607
accept-in,-4978235365564589736,15863758788787
accept-in,7586786903331930285,15863768763991
accept-in,7586786903331930285,15863768772867
accept-in,1770552742644929990,15863777554129
accept-in,1770552742644929990,15863777562798
accept-in,6335435417387875342,15863787266985
accept-in,6335435417387875342,15863787284673
accept-in,-6019679256067197306,15863797658636
accept-in,-6019679256067197306,15863797676531
accept-in,-4442685716025023573,15863806660904
accept-in,-4442685716025023573,15863806669042
accept-in,8603148451409016155,15863819824535
accept-in,8603148451409016155,15863819963905
accept-in,-2682492874771113169,15863826636678
accept-in,-2682492874771113169,15863826644171
accept-in,-7985901248166313624,15863836074087
accept-in,-7985901248166313624,15863836083098
accept-in,-2960438970977655491,15863845309378
accept-in,-2960438970977655491,15863845317372
accept-in,-1039188392855494589,15863854809128
accept-in,-1039188392855494589,15863854817688
accept-in,-1620736139649967138,15863864400713
accept-in,-1620736139649967138,15863864412213
accept-in,5577097450147894366,15863874181915
accept-in,5577097450147894366,15863874191663
accept-in,-5814851650766404986,15863885011343
accept-in,-5814851650766404986,15863885018906
accept-in,-7123757205919013355,15863894172191
accept-in,-7123757205919013355,15863894180000
accept-in,5133205981718210628,15863904083625
accept-in,5133205981718210628,15863904087138
accept-in,-2485458633082460028,15863917755488
accept-in,-2485458633082460028,15863917759754
accept-in,866374173686606576,15863924038249
accept-in,866374173686606576,15863924042248
accept-in,402183412906073031,15863935514106
accept-in,402183412906073031,15863935562358
accept-in,102239577376778597,15863941416527
accept-in,102239577376778597,15863941465208
accept-in,6641977004742365185,15863951507681
accept-in,6641977004742365185,15863951515953
accept-in,-5916342080895630881,15863960773795
accept-in,-5916342080895630881,15863960777139
accept-in,-6969452056001521902,15863973391131
accept-in,-6969452056001521902,15863973442886
accept-in,5226098905034915962,15863980649097
accept-in,5226098905034915962,15863980652421
accept-in,3850198547766828127,15863989860477
accept-in,3850198547766828127,15863989863949
accept-in,8508560990063981963,15864000787150
accept-in,8508560990063981963,15864000835045
accept-in,978627781550845336,15864012918642
accept-in,978627781550845336,15864012926344
accept-in,-7855888137920237219,15864020437541
accept-in,-7855888137920237219,15864020445271
accept-in,-4176696673082598936,15864030220598
accept-in,-4176696673082598936,15864030228723
accept-in,-8011268448032348733,15864039370898
accept-in,-8011268448032348733,15864039378820
accept-in,718275613708978938,15864049697751
accept-in,718275613708978938,15864049701873
accept-in,-8962343270834804953,15864058073313
accept-in,-8962343270834804953,15864058076677
accept-in,465081125280555272,15864068250375
accept-in,465081125280555272,15864068293572
accept-in,5504301459921753515,15864078252107
accept-in,5504301459921753515,15864078259973
accept-in,6158619068830630553,15864086760407
accept-in,6158619068830630553,15864086763901
accept-in,-1340944012863053125,15864095870681
accept-in,-1340944012863053125,15864095879248
accept-in,6952881005025989044,15864105163928
accept-in,6952881005025989044,15864105170621
accept-in,-4875607351001183020,15864114405804
accept-in,-4875607351001183020,15864114412385
accept-in,-1429002644461660529,15864123592176
accept-in,-1429002644461660529,15864123694699
accept-in,8576683105513633100,15864132557509
accept-in,8576683105513633100,15864132561127
accept-in,2996658177915728805,15864144254983
accept-in,2996658177915728805,15864144258731
accept-in,7619665521678034574,15864153090258
accept-in,7619665521678034574,15864153362210
accept-in,6969214216654634462,15864162670961
accept-in,6969214216654634462,15864162674437
accept-in,7136277236753869888,15864170515516
accept-in,7136277236753869888,15864170524295
accept-in,-4677124345828063994,15864179157693
accept-in,-4677124345828063994,15864179161196
accept-in,7987891039940726107,15864188430370
accept-in,7987891039940726107,15864188439276
accept-in,7896722650411016089,15864198539488
accept-in,7896722650411016089,15864198548860
accept-in,6803860067772043062,15864207211786
accept-in,6803860067772043062,15864207222575
accept-in,-8455486266012317809,15864217048995
accept-in,-8455486266012317809,15864217052075
accept-in,3453301040107723703,15864226370784
accept-in,3453301040107723703,15864226378227
accept-in,2624490914445902749,15864235694377
accept-in,2624490914445902749,15864235700635
accept-in,3371954741340084352,15864245227776
accept-in,3371954741340084352,15864245233951
accept-in,-2132658769436590464,15864253631798
accept-in,-2132658769436590464,15864253637879
accept-in,-5702446512254514387,15864263677211
accept-in,-5702446512254514387,15864263680594
accept-in,-4080397435380018847,15864272908958
accept-in,-4080397435380018847,15864272914966
accept-in,7835635419309442096,15864281446992
accept-in,7835635419309442096,15864281453024
accept-in,675778971843132645,15864291673721
accept-in,675778971843132645,15864291677106
accept-in,2303135586565304700,15864301309007
accept-in,2303135586565304700,15864301312276
accept-in,-352842326026099410,15864309959813
accept-in,-352842326026099410,15864309979775
accept-in,3162769539681763879,15864322539247
accept-in,3162769539681763879,15864322545432
accept-in,-1791450817687546843,15864330193487
accept-in,-1791450817687546843,15864330199682
accept-in,5664205372468530440,15864339593370
accept-in,5664205372468530440,15864339620471
accept-in,-1006833625266679685,15864348880702
accept-in,-1006833625266679685,15864348886701
accept-in,-4999052364521886701,15864357689064
accept-in,-4999052364521886701,15864357695030
accept-in,1740036300014658977,15864367056930
accept-in,1740036300014658977,15864367060625
accept-in,-8699306065658629967,15864376219392
accept-in,-8699306065658629967,15864376225851
accept-in,-3373796405707307501,15864386029551
accept-in,-3373796405707307501,15864386036071
accept-in,-4983948447451553278,15864394673467
accept-in,-4983948447451553278,15864394679484
accept-in,-2828756978124317964,15864404811929
accept-in,-2828756978124317964,15864404818808
accept-in,-5081680648368373869,15864413856884
accept-in,-5081680648368373869,15864413863441
accept-in,-6710439441206476662,15864424347670
accept-in,-6710439441206476662,15864424366966
accept-in,-6817989708837174701,15864432739674
accept-in,-6817989708837174701,15864432744082
accept-in,-4646898222408314730,15864442886944
accept-in,-4646898222408314730,15864442893861
accept-in,-2313539693430990696,15864451366393
accept-in,-2313539693430990696,15864451372643
accept-in,110176562473201522,15864460701188
accept-in,110176562473201522,15864460704498
accept-in,-4903116600351950454,15864471516024
accept-in,-4903116600351950454,15864471522120
accept-in,539142418910873743,15864481617031
accept-in,539142418910873743,15864481623220
accept-in,-6371840713024312703,15864489703900
accept-in,-6371840713024312703,15864489709639
accept-in,6826139915384317917,15864498761503
accept-in,6826139915384317917,15864498767333
accept-in,7997478806267917409,15864511084613
accept-in,7997478806267917409,15864511091204
accept-in,898879287420563794,15864519802887
accept-in,898879287420563794,15864519810119
accept-in,-4899719896302507934,15864528261427
accept-in,-4899719896302507934,15864528267487
accept-in,-3752655036835735369,15864537738033
accept-in,-3752655036835735369,15864537741389
accept-in,-7108919294813127109,15864547007220
accept-in,-7108919294813127109,15864547013338
accept-in,-4627961034351477842,15864559493009
accept-in,-4627961034351477842,15864559499289
accept-in,-3905383233645415769,15864569975014
accept-in,-3905383233645415769,15864569981479
accept-in,2240341524287744754,15864578788698
accept-in,2240341524287744754,15864578807655
accept-in,2779749896863640402,15864587857102
accept-in,2779749896863640402,15864587863716
accept-in,2855738164955691505,15864597479010
accept-in,2855738164955691505,15864597485327
accept-in,-915599509875227918,15864611200017
accept-in,-915599509875227918,15864611206696
accept-in,-3710732099125005546,15864616598683
accept-in,-3710732099125005546,15864616604585
accept-in,7379992964800522919,15864625571662
accept-in,7379992964800522919,15864625574865
accept-in,-6699556062231487509,15864635323698
accept-in,-6699556062231487509,15864635327136
accept-in,6534528044839980081,15864643942385
accept-in,6534528044839980081,15864643948095
accept-in,-3357152050959713654,15864653972387
accept-in,-3357152050959713654,15864653978257
accept-in,5290589016433725427,15864663113796
accept-in,5290589016433725427,15864663119366
accept-in,-8613673400393637235,15864672714006
accept-in,-8613673400393637235,15864672720155
accept-in,5197645780861880608,15864706207691
accept-in,5197645780861880608,15864706264973
accept-in,8653238113030075981,15864706267075
accept-in,8653238113030075981,15864706268597
accept-in,-1759375659156939369,15864706269371
accept-in,-1759375659156939369,15864706462621
accept-in,-6655948872221674762,15864715160380
accept-in,-6655948872221674762,15864715162636
accept-in,2509783598917999127,15864719767517
accept-in,2509783598917999127,15864719769980
accept-in,8388092614040593895,15864728394069
accept-in,8388092614040593895,15864728397997
accept-in,-3753886364844640130,15864738685008
accept-in,-3753886364844640130,15864738688389
accept-in,5243085964654055074,15864749400442
accept-in,5243085964654055074,15864749494015
accept-in,-4512495704096555086,15864758357257
accept-in,-4512495704096555086,15864758363468
accept-in,-4286448702689102542,15864765751288
accept-in,-4286448702689102542,15864765757132
accept-in,-7902443707183259514,15864775867139
accept-in,-7902443707183259514,15864775873003
accept-in,4849116005272129609,15864784483530
accept-in,4849116005272129609,15864784486688
accept-in,1853273831737662632,15864794188323
accept-in,1853273831737662632,15864794194459
accept-in,2122814835214399028,15864803997269
accept-in,2122814835214399028,15864804003494
accept-in,732387586530765267,15864814048364
accept-in,732387586530765267,15864814055557
accept-in,8059427172111600425,15864822774824
accept-in,8059427172111600425,15864822781367
accept-in,-7307643162571065921,15864831329196
accept-in,-7307643162571065921,15864831335556
accept-in,-2252254492572374426,15864841152052
accept-in,-2252254492572374426,15864841158277
accept-in,9141159791760861889,15864852418064
accept-in,9141159791760861889,15864852423803
accept-in,-6301306781746761768,15864859447640
accept-in,-6301306781746761768,15864859450806
accept-in,626226506844653462,15864868732314
accept-in,626226506844653462,15864868737988
accept-in,-3417548617442243687,15864878502355
accept-in,-3417548617442243687,15864878507115
accept-in,-566339838960626204,15864887771495
accept-in,-566339838960626204,15864887777251
accept-in,89352704758801571,15864897150944
accept-in,89352704758801571,15864897155729
accept-in,-6381447706613863853,15864907128173
accept-in,-6381447706613863853,15864907150974
accept-in,8042883297710402079,15864915806629
accept-in,8042883297710402079,15864915812700
accept-in,-7897681961009127159,15864926360785
accept-in,-7897681961009127159,15864926367964
accept-in,1268747313388506879,15864934951640
accept-in,1268747313388506879,15864934959341
accept-in,3007315540358725420,15864945533549
accept-in,3007315540358725420,15864945541140
accept-in,-6378281692281445443,15864953598075
accept-in,-6378281692281445443,15864953604470
accept-in,-3707900855067495826,15864963463837
accept-in,-3707900855067495826,15864963469648
accept-in,1033174903525149193,15864973454692
accept-in,1033174903525149193,15864973460453
accept-in,-4055798112216524034,15864982732426
accept-in,-4055798112216524034,15864982735985
