accept-in,-2716104070708391884,7558499807721
accept-in,-2716104070708391884,7558499817692
accept-in,-9061028237450377626,7558523091376
accept-in,-9061028237450377626,7558523100165
accept-in,2291910024019301345,7558732162491
accept-in,2291910024019301345,7558732167661
accept-in,4666212290372181275,7558783037309
accept-in,4666212290372181275,7558783046012
accept-in,3392645295537019183,7558830052543
accept-in,3392645295537019183,7558830063458
accept-in,-1896652787402655226,7558837341276
accept-in,-1896652787402655226,7558837346558
accept-in,1990581081826415666,7558841225225
accept-in,1990581081826415666,7558841231640
accept-in,-1172236939108620916,7558856375145
accept-in,-1172236939108620916,7558856382095
accept-in,-4335347475874698638,7558874002053
accept-in,-4335347475874698638,7558874012153
accept-in,-4296825896190105362,7558881243036
accept-in,-4296825896190105362,7558881250745
accept-in,-5614202450078304939,7558975732790
accept-in,-5614202450078304939,7558975737792
accept-in,-3476738515002684776,7559040698811
accept-in,-3476738515002684776,7559040708433
accept-in,5750661362655936549,7559126344001
accept-in,5750661362655936549,7559126354204
accept-in,1443777959855128250,7559155777015
accept-in,1443777959855128250,7559155786768
accept-in,-4896490039545832312,7559197676729
accept-in,-4896490039545832312,7559197685732
accept-in,1735332118805758709,7559203115071
accept-in,1735332118805758709,7559203121465
accept-in,4016270894290245728,7559343118794
accept-in,4016270894290245728,7559343135923
accept-in,2541427475611844851,7559426218718
accept-in,2541427475611844851,7559426229245
accept-in,-686710134087419333,7559428758882
accept-in,-686710134087419333,7559428766210
accept-in,6814117000031825011,7559461799093
accept-in,6814117000031825011,7559461807300
accept-in,-8279673769824920617,7559492223873
accept-in,-8279673769824920617,7559492233770
accept-in,-7054526627482932594,7559636241535
accept-in,-7054526627482932594,7559636251026
accept-in,6973766615674011806,7559691827850
accept-in,6973766615674011806,7559691836469
accept-in,1092473935970341607,7559747108747
accept-in,1092473935970341607,7559747115607
accept-in,4575919833513537912,7559824633499
accept-in,4575919833513537912,7559824645331
accept-in,5073496059531237192,7560091466627
accept-in,5073496059531237192,7560091477751
accept-in,-4217374977793799210,7560166316088
accept-in,-4217374977793799210,7560166325684
accept-in,-3037789096728730182,7560217223343
accept-in,-3037789096728730182,7560217233017
accept-in,-8007750172831825155,7560259583797
accept-in,-8007750172831825155,7560259592805
accept-in,7952402933391200690,7560310810966
accept-in,7952402933391200690,7560310817066
accept-in,-9111647184424523632,7560316398991
accept-in,-9111647184424523632,7560316411861
accept-in,-177865762560100570,7560389023637
accept-in,-177865762560100570,7560389034227
accept-in,4870790775528444298,7560409482982
accept-in,4870790775528444298,7560409490640
accept-in,6511954143309371186,7560692071814
accept-in,6511954143309371186,7560692080837
accept-in,3503411448364446459,7560700880539
accept-in,3503411448364446459,7560700885936
accept-in,8310727222709905753,7560705847456
accept-in,8310727222709905753,7560705852112
accept-in,-8706939609481734815,7560778677595
accept-in,-8706939609481734815,7560778686712
accept-in,-1322920493125364430,7560819390129
accept-in,-1322920493125364430,7560819399720
accept-in,-4563448826658913497,7560855094427
accept-in,-4563448826658913497,7560855101711
accept-in,-8762586968686283101,7560869756226
accept-in,-8762586968686283101,7560869761169
accept-in,1907449454776570203,7560877455199
accept-in,1907449454776570203,7560877457954
accept-in,-6185170206778987676,7560901920765
accept-in,-6185170206778987676,7560901923009
accept-in,-4371897713243342189,7560919051541
accept-in,-4371897713243342189,7560919065615
accept-in,5276013139872362037,7560922551194
accept-in,5276013139872362037,7560922553312
accept-in,-250851105655955872,7560924923023
accept-in,-250851105655955872,7560924926743
accept-in,-7435281199625254082,7560936528634
accept-in,-7435281199625254082,7560936533286
accept-in,3995918464983605612,7560956071015
accept-in,3995918464983605612,7560956075154
accept-in,-346696997474855694,7560969054504
accept-in,-346696997474855694,7560969065788
accept-in,288291363602180363,7560986603218
accept-in,288291363602180363,7560986610579
accept-in,-2414960151571846956,7561010028592
accept-in,-2414960151571846956,7561010037154
accept-in,8855816836989786989,7561018179952
accept-in,8855816836989786989,7561018185251
accept-in,-2462653291087793354,7561089841686
accept-in,-2462653291087793354,7561089845888
accept-in,-452864579261661736,7561105991542
accept-in,-452864579261661736,7561105997479
accept-in,-8095935550255087746,7561177326524
accept-in,-8095935550255087746,7561177338271
accept-in,1333118626442505101,7561208883633
accept-in,1333118626442505101,7561208893776
accept-in,2463302162640666894,7561255326836
accept-in,2463302162640666894,7561255335629
accept-in,-2438135164733025829,7561256167430
accept-in,-2438135164733025829,7561256169646
accept-in,1185339436959802660,7561291711874
accept-in,1185339436959802660,7561291721135
accept-in,8805189916233294834,7561294250160
accept-in,8805189916233294834,7561294255304
accept-in,-6811257077797835310,7561363916899
accept-in,-6811257077797835310,7561363927479
accept-in,-2411916604457635050,7561385164966
accept-in,-2411916604457635050,7561385168901
accept-in,-4873683641983598972,7561407935240
accept-in,-4873683641983598972,7561407938972
accept-in,7324583723979259737,7561440583723
accept-in,7324583723979259737,7561440588818
accept-in,3449274888976396870,7561454436796
accept-in,3449274888976396870,7561454454367
accept-in,-8193269354150631461,7561478455831
accept-in,-8193269354150631461,7561478465703
accept-in,-3933964231121554099,7561511835263
accept-in,-3933964231121554099,7561511845917
accept-in,-2788711865976708600,7561518793249
accept-in,-2788711865976708600,7561518798423
accept-in,-1182583494417361560,7561616010668
accept-in,-1182583494417361560,7561616021312
accept-in,4163686562082769763,7561651496670
accept-in,4163686562082769763,7561651503979
accept-in,2964588646374863836,7561803388126
accept-in,2964588646374863836,7561803392560
accept-in,2607976896105791077,7561806374696
accept-in,2607976896105791077,7561806381133
accept-in,-3298388839275259871,7561887787551
accept-in,-3298388839275259871,7561887798598
accept-in,-3764531402477792374,7561917742890
accept-in,-3764531402477792374,7561917752945
accept-in,-2139867531009067267,7561937404192
accept-in,-2139867531009067267,7561937411259
accept-in,784516114881596954,7562095505057
accept-in,784516114881596954,7562095518414
accept-in,6134396663341725895,7562141434794
accept-in,6134396663341725895,7562141443676
accept-in,-4498498596618349078,7562176887312
accept-in,-4498498596618349078,7562176896005
accept-in,-4775415687558613964,7562180878273
accept-in,-4775415687558613964,7562180885361
accept-in,6793398702270575966,7562287429806
accept-in,6793398702270575966,7562287437647
accept-in,-1912328266952257542,7562341805862
accept-in,-1912328266952257542,7562341814632
accept-in,9121154078400194464,7562710428004
accept-in,9121154078400194464,7562710437046
accept-in,6833526160851155595,7562857008821
accept-in,6833526160851155595,7562857017981
accept-in,-629586764078422954,7562949337606
accept-in,-629586764078422954,7562949346461
accept-in,908672721819024529,7563069262743
accept-in,908672721819024529,7563069272695
accept-in,7475318090809657147,7563108902397
accept-in,7475318090809657147,7563108910063
accept-in,-2017132172157090296,7563214026788
accept-in,-2017132172157090296,7563214035883
accept-in,738714799226737564,7563263902088
accept-in,738714799226737564,7563263911128
accept-in,5452045524445128319,7563348374398
accept-in,5452045524445128319,7563348384589
accept-in,345649598423136973,7563516385140
accept-in,345649598423136973,7563516392224
accept-in,2614214847872247758,7563789717184
accept-in,2614214847872247758,7563789727474
accept-in,-4608359181970367953,7563872044548
accept-in,-4608359181970367953,7563872049026
accept-in,4038864843041367152,7563956321394
accept-in,4038864843041367152,7563956331550
accept-in,-7672028050044352467,7564055638995
accept-in,-7672028050044352467,7564055649672
accept-in,3051121285360491835,7564123661947
accept-in,3051121285360491835,7564123672611
accept-in,-1584637514762600066,7564132673785
accept-in,-1584637514762600066,7564132679065
accept-in,3147379492608012719,7564137399002
accept-in,3147379492608012719,7564137404088
accept-in,-3626920942576837997,7564141046144
accept-in,-3626920942576837997,7564141051958
accept-in,3560427190326404910,7564232663225
accept-in,3560427190326404910,7564232671725
accept-in,-3498085549075925292,7564242920692
accept-in,-3498085549075925292,7564242926363
accept-in,7727628042202850984,7564383416730
accept-in,7727628042202850984,7564383426152
accept-in,1197962905947710114,7564484577117
accept-in,1197962905947710114,7564484587531
accept-in,698534224650573459,7564484773517
accept-in,698534224650573459,7564484775665
accept-in,-1792569612401637232,7564515360468
accept-in,-1792569612401637232,7564515367801
accept-in,2034851463548691944,7564640584733
accept-in,2034851463548691944,7564640595120
accept-in,7652662365646338829,7564663097945
accept-in,7652662365646338829,7564663104869
accept-in,-1790914426887019217,7564665069462
accept-in,-1790914426887019217,7564665073985
accept-in,-4406137368597398037,7564730675214
accept-in,-4406137368597398037,7564730684011
accept-in,-4763642121682616881,7564817797270
accept-in,-4763642121682616881,7564817801496
accept-in,-1460912713729973839,7564835913977
accept-in,-1460912713729973839,7564835921789
accept-in,7998371861485778913,7564905422308
accept-in,7998371861485778913,7564905433294
accept-in,-54884794992598887,7564986497306
accept-in,-54884794992598887,7564986505982
accept-in,2332899651739924972,7565024837376
accept-in,2332899651739924972,7565024854660
accept-in,-6426939279503895066,7565074528363
accept-in,-6426939279503895066,7565074532898
accept-in,1467945875117552905,7565141809955
accept-in,1467945875117552905,7565141820393
accept-in,2619602020582161077,7565199477173
accept-in,2619602020582161077,7565199488195
accept-in,7562106534794139190,7565221891989
accept-in,7562106534794139190,7565221901836
accept-in,-8458470037244621673,7565363679525
accept-in,-8458470037244621673,7565363689652
accept-in,6246279121458463134,7565440891009
accept-in,6246279121458463134,7565440901508
accept-in,-1832642169281701563,7565455512804
accept-in,-1832642169281701563,7565455522115
accept-in,-2022438930841625387,7565473213574
accept-in,-2022438930841625387,7565473221537
accept-in,7410052958160311128,7565556943395
accept-in,7410052958160311128,7565556953011
accept-in,3324650743051646229,7565638184744
accept-in,3324650743051646229,7565638193879
accept-in,5720411989006675585,7565643485223
accept-in,5720411989006675585,7565643489432
accept-in,-7721442163674979520,7565785931578
accept-in,-7721442163674979520,7565785940802
accept-in,-8446328393784267658,7565838388336
accept-in,-8446328393784267658,7565838395918
accept-in,8837265582856000529,7565843489845
accept-in,8837265582856000529,7565843494809
accept-in,-5901429562888548678,7565867355442
accept-in,-5901429562888548678,7565867364073
accept-in,-1259444886565065875,7565910912723
accept-in,-1259444886565065875,7565910923157
accept-in,-6727088493443138523,7565915480941
accept-in,-6727088493443138523,7565915486799
accept-in,-3893548303473964439,7565947255142
accept-in,-3893548303473964439,7565947262566
accept-in,-128108729238261466,7565971520425
accept-in,-128108729238261466,7565971529451
accept-in,-1428964808854200005,7565974295203
accept-in,-1428964808854200005,7565974300214
accept-in,-6899014563972568831,7566136795096
accept-in,-6899014563972568831,7566136806436
accept-in,4776613701541972003,7566163588723
accept-in,4776613701541972003,7566163605109
accept-in,-4857512311153088124,7566241858514
accept-in,-4857512311153088124,7566241868469
accept-in,2396849448194359115,7566267428298
accept-in,2396849448194359115,7566267434196
accept-in,2082183558110561216,7566357838727
accept-in,2082183558110561216,7566357848364
accept-in,5062601872259903009,7566364015251
accept-in,5062601872259903009,7566364020147
accept-in,8700554118947848271,7566529670224
accept-in,8700554118947848271,7566529678181
accept-in,5848554468860872761,7566559913184
accept-in,5848554468860872761,7566559922880
accept-in,-5114831337847202744,7566586186679
accept-in,-5114831337847202744,7566586195156
accept-in,-6459836445298456816,7566675270808
accept-in,-6459836445298456816,7566675279559
accept-in,-3152928596011429324,7566678595920
accept-in,-3152928596011429324,7566678600847
accept-in,5696597749897535072,7566726284514
accept-in,5696597749897535072,7566726292886
accept-in,-6081060195575907152,7566754276792
accept-in,-6081060195575907152,7566754284981
accept-in,1199975141488653790,7566763170920
accept-in,1199975141488653790,7566763208604
accept-in,-7378261556203388408,7566793414115
accept-in,-7378261556203388408,7566793421106
accept-in,-7771829304649771607,7566798970070
accept-in,-7771829304649771607,7566798976772
accept-in,2974991089803151382,7566813989938
accept-in,2974991089803151382,7566813996465
accept-in,4711722692341108650,7566848601573
accept-in,4711722692341108650,7566848605490
accept-in,8767757278858178658,7566972011590
accept-in,8767757278858178658,7566972022238
accept-in,-2952010850079799190,7567017090790
accept-in,-2952010850079799190,7567017097794
accept-in,-2107763166129803774,7567051597891
accept-in,-2107763166129803774,7567051607178
accept-in,2706867523859557206,7567081442496
accept-in,2706867523859557206,7567081449881
accept-in,3135890309066948112,7567134535402
accept-in,3135890309066948112,7567134546927
accept-in,-8724753682202152865,7567176214189
accept-in,-8724753682202152865,7567176224316
accept-in,1757334378222898538,7567208997057
accept-in,1757334378222898538,7567209006123
accept-in,-8755179309757586706,7567264496577
accept-in,-8755179309757586706,7567264505817
accept-in,-6824343717083366710,7567363800997
accept-in,-6824343717083366710,7567363811256
accept-in,-5761648693398902503,7567397565677
accept-in,-5761648693398902503,7567397570995
accept-in,5244850487983662236,7567401711404
accept-in,5244850487983662236,7567401714417
accept-in,382792871357635974,7567417164216
accept-in,382792871357635974,7567417172251
accept-in,-7840846241486766337,7567439803897
accept-in,-7840846241486766337,7567439813141
accept-in,-6017415301452827304,7567483941659
accept-in,-6017415301452827304,7567483952426
accept-in,-5437992804435365584,7567607110802
accept-in,-5437992804435365584,7567607121682
accept-in,-5081658534774683741,7567615535907
accept-in,-5081658534774683741,7567615542723
accept-in,2374239768587901411,7567666215212
accept-in,2374239768587901411,7567666226629
accept-in,8344302653302436753,7567707812809
accept-in,8344302653302436753,7567707819830
accept-in,-1860861209129743273,7567735455478
accept-in,-1860861209129743273,7567735465212
accept-in,3302779693138119958,7567747680298
accept-in,3302779693138119958,7567747689847
accept-in,-6141637965115460514,7567866610345
accept-in,-6141637965115460514,7567866617921
accept-in,-2350759141225083217,7567953010772
accept-in,-2350759141225083217,7567953027864
accept-in,211372910230140011,7567966947626
accept-in,211372910230140011,7567966956946
accept-in,4881356726627353377,7567982763005
accept-in,4881356726627353377,7567982766580
accept-in,-8019300319723482551,7567988026573
accept-in,-8019300319723482551,7567988030295
accept-in,-1090896525919958888,7568005546218
accept-in,-1090896525919958888,7568005557988
accept-in,-1681453816374590108,7568102651413
accept-in,-1681453816374590108,7568102660880
accept-in,-5265753763766141167,7568151762967
accept-in,-5265753763766141167,7568151773499
accept-in,7836388894565207231,7568209223403
accept-in,7836388894565207231,7568209233424
accept-in,2426072661911124066,7568220700486
accept-in,2426072661911124066,7568220706408
accept-in,3516084821748645337,7568450287651
accept-in,3516084821748645337,7568450298007
accept-in,4913469793753677575,7568464924057
accept-in,4913469793753677575,7568464929305
accept-in,-6320133955851285494,7568506598601
accept-in,-6320133955851285494,7568506611546
accept-in,-8387592091970629772,7568508407252
accept-in,-8387592091970629772,7568508412220
accept-in,-7482725806442437480,7568517675162
accept-in,-7482725806442437480,7568517689608
accept-in,-3480345031884714549,7568565092692
accept-in,-3480345031884714549,7568565096595
accept-in,-1924385868446223100,7568576896906
accept-in,-1924385868446223100,7568576903537
accept-in,6418570432608727799,7568596134775
accept-in,6418570432608727799,7568596141488
accept-in,-6510113681623363638,7568651227502
accept-in,-6510113681623363638,7568651237585
accept-in,-2488665937727476457,7568731576895
accept-in,-2488665937727476457,7568731586024
accept-in,-7946971754000172868,7568774983099
accept-in,-7946971754000172868,7568774992059
accept-in,-3581193186652400324,7568821792024
accept-in,-3581193186652400324,7568821801191
accept-in,-7019762312475281928,7568832839229
accept-in,-7019762312475281928,7568832844373
accept-in,4058399892750270619,7568905525062
accept-in,4058399892750270619,7568905534800
accept-in,-8735088581094252481,7568936842009
accept-in,-8735088581094252481,7568936848511
accept-in,-368878720033859078,7569013933360
accept-in,-368878720033859078,7569013943125
accept-in,1729823260356026271,7569014592972
accept-in,1729823260356026271,7569014598048
accept-in,-558704385083208283,7569108176532
accept-in,-558704385083208283,7569108186043
accept-in,1079760246245925434,7569149068599
accept-in,1079760246245925434,7569149077397
accept-in,6700313595565185459,7569156709101
accept-in,6700313595565185459,7569156715306
accept-in,-6192308556082247112,7569175725299
accept-in,-6192308556082247112,7569175732094
accept-in,-3060148013695812585,7569219379343
accept-in,-3060148013695812585,7569219389541
accept-in,763646959762439913,7569269193509
accept-in,763646959762439913,7569269203044
accept-in,-3421946709709575211,7569295943271
accept-in,-3421946709709575211,7569295947391
accept-in,-3756258736345449798,7569355892045
accept-in,-3756258736345449798,7569355900900
accept-in,-4312003865466338939,7569362439221
accept-in,-4312003865466338939,7569362443796
accept-in,9063159048114144532,7569367853905
accept-in,9063159048114144532,7569367858872
accept-in,-1799571482801637753,7569436229834
accept-in,-1799571482801637753,7569436239062
accept-in,-573340862916387700,7569504218048
accept-in,-573340862916387700,7569504225600
accept-in,-2258441349052326554,7569516141500
accept-in,-2258441349052326554,7569516148875
accept-in,4676219113568166072,7569536395912
accept-in,4676219113568166072,7569536402791
accept-in,-2301127757967784906,7569599737404
accept-in,-2301127757967784906,7569599747747
accept-in,-3133821197872351324,7569603194355
accept-in,-3133821197872351324,7569603198425
accept-in,7563908335383754658,7569671360239
accept-in,7563908335383754658,7569671371635
accept-in,9137912463775005382,7569717976554
accept-in,9137912463775005382,7569717985823
accept-in,7613588063789537560,7569730376767
accept-in,7613588063789537560,7569730383318
accept-in,-596925959215768676,7569851261235
accept-in,-596925959215768676,7569851271612
accept-in,-1539762006675527166,7569871361952
accept-in,-1539762006675527166,7569871370411
accept-in,6616837216400893512,7570016709599
accept-in,6616837216400893512,7570016719294
accept-in,-124331609996648616,7570029777388
accept-in,-124331609996648616,7570029784088
accept-in,-4301308149689246795,7570094103438
accept-in,-4301308149689246795,7570094113334
accept-in,-7798752676686652504,7570108482473
accept-in,-7798752676686652504,7570108485891
accept-in,-4256894478684567561,7570154939056
accept-in,-4256894478684567561,7570154946486
accept-in,-6380688551630784426,7570198483728
accept-in,-6380688551630784426,7570198490483
accept-in,3854325633645016223,7570218952964
accept-in,3854325633645016223,7570218959968
accept-in,124479482245201032,7570289320365
accept-in,124479482245201032,7570289329325
accept-in,-1894542257804226527,7570633376252
accept-in,-1894542257804226527,7570633387106
accept-in,-1375177705290040314,7570649622609
accept-in,-1375177705290040314,7570649625899
accept-in,8792531617764793972,7570655555226
accept-in,8792531617764793972,7570655560980
accept-in,3093120660853554110,7570688203791
accept-in,3093120660853554110,7570688211033
accept-in,192059824514853983,7570805084182
accept-in,192059824514853983,7570805093952
accept-in,-1734387439189632993,7570822023080
accept-in,-1734387439189632993,7570822030900
accept-in,-3585864191832241881,7570882758865
accept-in,-3585864191832241881,7570882768754
accept-in,1213277365412050218,7570976433897
accept-in,1213277365412050218,7570976444098
accept-in,-137406671693059355,7570985811180
accept-in,-137406671693059355,7570985815946
accept-in,-8707798629790468130,7571033934102
accept-in,-8707798629790468130,7571033942097
accept-in,-4816628937670021346,7571054859828
accept-in,-4816628937670021346,7571054865513
accept-in,2993814324311231872,7571087301702
accept-in,2993814324311231872,7571087307506
accept-in,2518120270911119720,7571131335715
accept-in,2518120270911119720,7571131343487
accept-in,-6666414462669865322,7571155401599
accept-in,-6666414462669865322,7571155407465
accept-in,174499438400014555,7571159167876
accept-in,174499438400014555,7571159172836
accept-in,1213430043244873185,7571161398757
accept-in,1213430043244873185,7571161403444
accept-in,1339963213521483501,7571224130367
accept-in,1339963213521483501,7571224148769
accept-in,-3698981770992288626,7571296881547
accept-in,-3698981770992288626,7571296891360
accept-in,6164326351092038724,7571429333051
accept-in,6164326351092038724,7571429343366
accept-in,-500051844071202156,7571442171326
accept-in,-500051844071202156,7571442177745
accept-in,-7222788358954689722,7571459887085
accept-in,-7222788358954689722,7571459896469
accept-in,-5167787284106008529,7571533772731
accept-in,-5167787284106008529,7571533780876
accept-in,7595801759283668852,7571586956128
accept-in,7595801759283668852,7571586965212
accept-in,5920921032732891638,7571606444888
accept-in,5920921032732891638,7571606451917
accept-in,-2328952169515367190,7571629869777
accept-in,-2328952169515367190,7571629876515
accept-in,3437261522124622164,7571631941060
accept-in,3437261522124622164,7571631945492
accept-in,-534737785340058064,7571640734902
accept-in,-534737785340058064,7571640740144
accept-in,-8568930066638099,7571713522611
accept-in,-8568930066638099,7571713531112
accept-in,-5354586187763625982,7571732716417
accept-in,-5354586187763625982,7571732722453
accept-in,1951508613309813321,7571920992817
accept-in,1951508613309813321,7571921002664
accept-in,1933462584889626435,7571921635745
accept-in,1933462584889626435,7571921638029
accept-in,2664290186354948121,7572138186670
accept-in,2664290186354948121,7572138195159
accept-in,7992035739172160595,7572253040144
accept-in,7992035739172160595,7572253049340
accept-in,-169325286623170357,7572319219609
accept-in,-169325286623170357,7572319228975
accept-in,-3097988804809604498,7572338075062
accept-in,-3097988804809604498,7572338080440
accept-in,-990552663089455509,7572351906558
accept-in,-990552663089455509,7572351910048
accept-in,-5624064654407953498,7572417675225
accept-in,-5624064654407953498,7572417684461
accept-in,-6402099296431477427,7572422092527
accept-in,-6402099296431477427,7572422097464
accept-in,-5242362263923523909,7572440268625
accept-in,-5242362263923523909,7572440277147
accept-in,-1240870426129710929,7572449545566
accept-in,-1240870426129710929,7572449550835
accept-in,-5162615561081868892,7572611567513
accept-in,-5162615561081868892,7572611577383
accept-in,5009006822248385607,7572682040050
accept-in,5009006822248385607,7572682049720
accept-in,-4217341324472859417,7572801604339
accept-in,-4217341324472859417,7572801614824
accept-in,34033117752693130,7572873646112
accept-in,34033117752693130,7572873654903
accept-in,-2503853180774044845,7572883767318
accept-in,-2503853180774044845,7572883770797
accept-in,1086769085609457350,7572912018117
accept-in,1086769085609457350,7572912028717
accept-in,-111149823576297700,7572965042679
accept-in,-111149823576297700,7572965046953
accept-in,-1849748003046775050,7573009847039
accept-in,-1849748003046775050,7573009851826
accept-in,-7730225677086981076,7573086623548
accept-in,-7730225677086981076,7573086632962
accept-in,3688760033647124517,7573176995880
accept-in,3688760033647124517,7573177006625
accept-in,-3873161306417643265,7573258953730
accept-in,-3873161306417643265,7573258963010
accept-in,-1227264667717758832,7573267440335
accept-in,-1227264667717758832,7573267446063
accept-in,-8916196428208682949,7573287269367
accept-in,-8916196428208682949,7573287274493
accept-in,2564577424209297849,7573308828388
accept-in,2564577424209297849,7573308837198
accept-in,2343760235799589418,7573334370732
accept-in,2343760235799589418,7573334376041
accept-in,8434941594886032551,7573528632655
accept-in,8434941594886032551,7573528641863
accept-in,1710181760886635889,7573542904103
accept-in,1710181760886635889,7573542909493
accept-in,-4773262576289578430,7573725961640
accept-in,-4773262576289578430,7573725971614
accept-in,-8239477326629215664,7573771955054
accept-in,-8239477326629215664,7573771964635
accept-in,-7647156974680697844,7573774851634
accept-in,-7647156974680697844,7573774856032
accept-in,-8840395822070342726,7573874025872
accept-in,-8840395822070342726,7573874035324
accept-in,-3615684656029211037,7573915248561
accept-in,-3615684656029211037,7573915259035
accept-in,-6302442179000839643,7573936014043
accept-in,-6302442179000839643,7573936021040
accept-in,-8864278252218237739,7573948556057
accept-in,-8864278252218237739,7573948562697
accept-in,4092397244864296739,7573983384457
accept-in,4092397244864296739,7573983391508
accept-in,6613996078814982494,7574083926474
accept-in,6613996078814982494,7574083936768
accept-in,1071865761143260228,7574170558129
accept-in,1071865761143260228,7574170568229
accept-in,-6511461005922728746,7574253189046
accept-in,-6511461005922728746,7574253198599
accept-in,-3593099307701113317,7574257716876
accept-in,-3593099307701113317,7574257721898
accept-in,-4136186251708488612,7574262524337
accept-in,-4136186251708488612,7574262528414
accept-in,624320984287460853,7574274559242
accept-in,624320984287460853,7574274562887
accept-in,-5091361140111118148,7574307928711
accept-in,-5091361140111118148,7574307937771
accept-in,2782359134763371296,7574335472514
accept-in,2782359134763371296,7574335481836
accept-in,-2615337346149298463,7574359671785
accept-in,-2615337346149298463,7574359677699
accept-in,8717140812925197946,7574359684390
accept-in,8717140812925197946,7574359686524
accept-in,1139027365848235018,7574370131294
accept-in,1139027365848235018,7574370136352
accept-in,2553092763711837150,7574428365695
accept-in,2553092763711837150,7574428369681
accept-in,-5439942664279318678,7574433180951
accept-in,-5439942664279318678,7574433185264
accept-in,5486882879328512839,7574464749570
accept-in,5486882879328512839,7574464756209
accept-in,7060266811945385572,7574469078890
accept-in,7060266811945385572,7574469083784
accept-in,-3669385890017944508,7574517391886
accept-in,-3669385890017944508,7574517399533
accept-in,-5252028886676679897,7574543617683
accept-in,-5252028886676679897,7574543621195
accept-in,1987304911451798677,7574556683972
accept-in,1987304911451798677,7574556689199
accept-in,-8149662574693284975,7574747890382
accept-in,-8149662574693284975,7574747900090
accept-in,-3306380252396800538,7574800947851
accept-in,-3306380252396800538,7574800956557
accept-in,5976432402232657255,7574914022441
accept-in,5976432402232657255,7574914032814
accept-in,-8933881776650467207,7574952003203
accept-in,-8933881776650467207,7574952012563
accept-in,7524010257107272083,7574953294507
accept-in,7524010257107272083,7574953299042
accept-in,-6598795425977727799,7575048020948
accept-in,-6598795425977727799,7575048030206
accept-in,4705129334289544692,7575088615695
accept-in,4705129334289544692,7575088620933
accept-in,-4963037117872207581,7575095609705
accept-in,-4963037117872207581,7575095614061
accept-in,7410719772190975999,7575171367673
accept-in,7410719772190975999,7575171376264
accept-in,2646809763604984213,7575245860003
accept-in,2646809763604984213,7575245869747
accept-in,2407592364188013634,7575351085249
accept-in,2407592364188013634,7575351093482
accept-in,-8202408987343979995,7575368685264
accept-in,-8202408987343979995,7575368688223
accept-in,-4604713061958537182,7575396136977
accept-in,-4604713061958537182,7575396143867
accept-in,-8651398936511009090,7575447938166
accept-in,-8651398936511009090,7575447945731
accept-in,2385425924844641498,7575498628420
accept-in,2385425924844641498,7575498632834
accept-in,752536882364818685,7575511195855
accept-in,752536882364818685,7575511202082
accept-in,3775424097730221026,7575563385281
accept-in,3775424097730221026,7575563389897
accept-in,8663116101695520346,7575594215512
accept-in,8663116101695520346,7575594224645
accept-in,-9074763166268859581,7575605775526
accept-in,-9074763166268859581,7575605780007
accept-in,-8614748304929238387,7575749282849
accept-in,-8614748304929238387,7575749292993
accept-in,-7171225560347538981,7575760414751
accept-in,-7171225560347538981,7575760421143
accept-in,8421356567295066138,7575858426216
accept-in,8421356567295066138,7575858432812
accept-in,-2070540330515688163,7575934653360
accept-in,-2070540330515688163,7575934663131
accept-in,-5208804158509609587,7575938609137
accept-in,-5208804158509609587,7575938615059
accept-in,5551945883146876697,7575971011839
accept-in,5551945883146876697,7575971019524
accept-in,6958593749848270751,7575992790889
accept-in,6958593749848270751,7575992800262
accept-in,8182761729234612056,7576027414376
accept-in,8182761729234612056,7576027423363
accept-in,-5908731886717540435,7576115070105
accept-in,-5908731886717540435,7576115077668
accept-in,-6563699496409632722,7576224444281
accept-in,-6563699496409632722,7576224454076
accept-in,6392672836948208185,7576344857541
accept-in,6392672836948208185,7576344864672
accept-in,-1339801445408458543,7576421195441
accept-in,-1339801445408458543,7576421203514
accept-in,-4455509207129914988,7576518128058
accept-in,-4455509207129914988,7576518136757
accept-in,-4338845566022956560,7576525676412
accept-in,-4338845566022956560,7576525679150
accept-in,7553494874973963368,7576598748891
accept-in,7553494874973963368,7576598767071
accept-in,-2330799952848593767,7576603136229
accept-in,-2330799952848593767,7576603141206
accept-in,-5605956656250838027,7576680693713
accept-in,-5605956656250838027,7576680698363
accept-in,2977603432580013184,7576770355332
accept-in,2977603432580013184,7576770364133
accept-in,271834212412047816,7576817203000
accept-in,271834212412047816,7576817213838
accept-in,3882441777325519701,7576896892221
accept-in,3882441777325519701,7576896902643
accept-in,1068354840489650772,7577009547464
accept-in,1068354840489650772,7577009558576
accept-in,7178710414865481296,7577158738108
accept-in,7178710414865481296,7577158742243
accept-in,4544119129586533660,7577282963571
accept-in,4544119129586533660,7577282973590
accept-in,-8116212187778649932,7577286845753
accept-in,-8116212187778649932,7577286850810
accept-in,7589612974583400281,7577299909085
accept-in,7589612974583400281,7577299914209
accept-in,-7714335322342099099,7577322868083
accept-in,-7714335322342099099,7577322875756
accept-in,2285213461742497032,7577325030411
accept-in,2285213461742497032,7577325042150
accept-in,1004838813965905564,7577387371219
accept-in,1004838813965905564,7577387380034
accept-in,7242626399303317715,7577457525804
accept-in,7242626399303317715,7577457535707
accept-in,-6454369998367659201,7577528551583
accept-in,-6454369998367659201,7577528566092
accept-in,6768231918832807023,7577569264264
accept-in,6768231918832807023,7577569271562
accept-in,8405850989346995210,7577663945511
accept-in,8405850989346995210,7577663955528
accept-in,-1455797295598869692,7577736839277
accept-in,-1455797295598869692,7577736843458
accept-in,-859571559306694043,7577798608840
accept-in,-859571559306694043,7577798617961
accept-in,7232405877914721374,7577858302468
accept-in,7232405877914721374,7577858311539
accept-in,-2134849986334013418,7577939748506
accept-in,-2134849986334013418,7577939757852
accept-in,5400189399190746883,7578001069323
accept-in,5400189399190746883,7578001078355
accept-in,-8238770593914580034,7578085821520
accept-in,-8238770593914580034,7578085830334
accept-in,-3973884505090099236,7578118631570
accept-in,-3973884505090099236,7578118636941
accept-in,-4587682555066517545,7578136684598
accept-in,-4587682555066517545,7578136687334
accept-in,-5224916601229585371,7578156375395
accept-in,-5224916601229585371,7578156380035
accept-in,-3110283541435640782,7578168525153
accept-in,-3110283541435640782,7578168528086
accept-in,7385117777933646791,7578178611377
accept-in,7385117777933646791,7578178615659
accept-in,1902156223450901662,7578189058206
accept-in,1902156223450901662,7578189062068
accept-in,-7442852368163701007,7578221602078
accept-in,-7442852368163701007,7578221607978
accept-in,3803475973880408061,7578246498060
accept-in,3803475973880408061,7578246504170
accept-in,-8761181910151914626,7578352868500
accept-in,-8761181910151914626,7578352878119
accept-in,-3326818842967818085,7578358026480
accept-in,-3326818842967818085,7578358030397
accept-in,-241898095739639022,7578479190987
accept-in,-241898095739639022,7578479195128
accept-in,5714378503410817662,7578595472811
accept-in,5714378503410817662,7578595482017
accept-in,-7162207004079152861,7578665131024
accept-in,-7162207004079152861,7578665148112
accept-in,1586604891542898694,7578707875800
accept-in,1586604891542898694,7578707879870
accept-in,-6477187482764516461,7578865132788
accept-in,-6477187482764516461,7578865143358
accept-in,5077825695835908755,7578904248283
accept-in,5077825695835908755,7578904256410
accept-in,8401868392479291775,7578963761713
accept-in,8401868392479291775,7578963771428
accept-in,-2806083514910199680,7579095187599
accept-in,-2806083514910199680,7579095198251
accept-in,2396750456247253357,7579139832510
accept-in,2396750456247253357,7579139842682
accept-in,3770014795922272100,7579161134170
accept-in,3770014795922272100,7579161143699
accept-in,-2025022553927612687,7579230725814
accept-in,-2025022553927612687,7579230735486
accept-in,7471584491458520020,7579242732337
accept-in,7471584491458520020,7579242735650
accept-in,7190236556207122323,7579259691563
accept-in,7190236556207122323,7579259694191
accept-in,-5250811946123557994,7579287197151
accept-in,-5250811946123557994,7579287205880
accept-in,-90393780585804513,7579303659854
accept-in,-90393780585804513,7579303667873
accept-in,-3725542335515353229,7579319547468
accept-in,-3725542335515353229,7579319557186
accept-in,4228211828619494319,7579334988892
accept-in,4228211828619494319,7579334996999
accept-in,7775897019450075974,7579335161500
accept-in,7775897019450075974,7579335166157
accept-in,5073014646339062570,7579406640078
accept-in,5073014646339062570,7579406650760
accept-in,2287556615118636744,7579484841533
accept-in,2287556615118636744,7579484852834
accept-in,4343599154849184914,7579637669689
accept-in,4343599154849184914,7579637679086
accept-in,8990476652265826021,7579649758357
accept-in,8990476652265826021,7579649762619
accept-in,-3159565046272024559,7579677678055
accept-in,-3159565046272024559,7579677680767
accept-in,-6242801511785905354,7579678026751
accept-in,-6242801511785905354,7579678031001
accept-in,3472151079305954261,7579694424040
accept-in,3472151079305954261,7579694429497
accept-in,-6129824645294365833,7579740312337
accept-in,-6129824645294365833,7579740321062
accept-in,3911644163556213989,7579835979980
accept-in,3911644163556213989,7579835988983
accept-in,-8841501599914260706,7579840023769
accept-in,-8841501599914260706,7579840029612
accept-in,-3976398151560824333,7579858401275
accept-in,-3976398151560824333,7579858404368
accept-in,1039283965390186872,7579882590439
accept-in,1039283965390186872,7579882599051
accept-in,3155692598119935100,7579930801329
accept-in,3155692598119935100,7579930811217
accept-in,-2376739422448664249,7579987610310
accept-in,-2376739422448664249,7579987619534
accept-in,-8277490914242378932,7580205156380
accept-in,-8277490914242378932,7580205166779
accept-in,-582380537349837376,7580241879707
accept-in,-582380537349837376,7580241888813
accept-in,4195832943926069461,7580265976295
accept-in,4195832943926069461,7580265986632
accept-in,-5559880336976141181,7580285663034
accept-in,-5559880336976141181,7580285671923
accept-in,-7729781039480157058,7580309195753
accept-in,-7729781039480157058,7580309199694
accept-in,9209522513527714022,7580330432386
accept-in,9209522513527714022,7580330442802
accept-in,6528976788245816324,7580358790323
accept-in,6528976788245816324,7580358798916
accept-in,-5186644300977894865,7580368885110
accept-in,-5186644300977894865,7580368890633
accept-in,-1346611090031131941,7580532297350
accept-in,-1346611090031131941,7580532305930
accept-in,-999788897580542466,7580542692011
accept-in,-999788897580542466,7580542697680
accept-in,-8071722647572423027,7580552940117
accept-in,-8071722647572423027,7580552945585
accept-in,8023455673883738114,7580597108131
accept-in,8023455673883738114,7580597117645
accept-in,-5515545949568330265,7580601307158
accept-in,-5515545949568330265,7580601321129
accept-in,-5550768999826856037,7580607160181
accept-in,-5550768999826856037,7580607164342
accept-in,214939676884596484,7580792278131
accept-in,214939676884596484,7580792294143
accept-in,-5467760384913295570,7580792295986
accept-in,-5467760384913295570,7580792298133
accept-in,1839029325475956346,7580792298856
accept-in,1839029325475956346,7580792301073
accept-in,-5779750450677737769,7580812390091
accept-in,-5779750450677737769,7580812399027
accept-in,-2438114045482873860,7581110476768
accept-in,-2438114045482873860,7581110487658
accept-in,-4445897698297170159,7581252542145
accept-in,-4445897698297170159,7581252551467
accept-in,1897666641373151048,7581264676400
accept-in,1897666641373151048,7581264681995
accept-in,7306471526527699759,7581331370733
accept-in,7306471526527699759,7581331379473
accept-in,-2931793744854141681,7581354180036
accept-in,-2931793744854141681,7581354187393
accept-in,-7136413911806484040,7581366444950
accept-in,-7136413911806484040,7581366451434
accept-in,-6004217046830458257,7581387035749
accept-in,-6004217046830458257,7581387042310
accept-in,-3626341072217308328,7581469806407
accept-in,-3626341072217308328,7581469816597
accept-in,-5859360416475655136,7581538813056
accept-in,-5859360416475655136,7581538817677
accept-in,1916041314107403757,7581615780688
accept-in,1916041314107403757,7581615791216
accept-in,3405366785874632050,7581652273344
accept-in,3405366785874632050,7581652283342
accept-in,-8043052271916024586,7581677692539
accept-in,-8043052271916024586,7581677700529
accept-in,3801848010655731125,7581781175594
accept-in,3801848010655731125,7581781184328
accept-in,-4859788863976405506,7581798590039
accept-in,-4859788863976405506,7581798598380
accept-in,-5946360901473692562,7581905415127
accept-in,-5946360901473692562,7581905426092
accept-in,8432228327346515724,7581962597889
accept-in,8432228327346515724,7581962602349
accept-in,-7532137727665707858,7582033096128
accept-in,-7532137727665707858,7582033105855
accept-in,-6693026901592624488,7582144698388
accept-in,-6693026901592624488,7582144702450
accept-in,5026887365612945174,7582186937042
accept-in,5026887365612945174,7582186964874
accept-in,7988938687784236900,7582192748475
accept-in,7988938687784236900,7582192754728
accept-in,-8211989917043885099,7582195987018
accept-in,-8211989917043885099,7582195992104
accept-in,399772981832791419,7582200572786
accept-in,399772981832791419,7582200577688
accept-in,437851672739381337,7582219306138
accept-in,437851672739381337,7582219309169
accept-in,6718726292758054135,7582255902642
accept-in,6718726292758054135,7582255910240
accept-in,1308919557652187492,7582256582415
accept-in,1308919557652187492,7582256586965
accept-in,2339412209050382402,7582450304671
accept-in,2339412209050382402,7582450314242
accept-in,-6314787462369955773,7582461505755
accept-in,-6314787462369955773,7582461509791
accept-in,1364671406191367620,7582484795237
accept-in,1364671406191367620,7582484801431
accept-in,7526537826031322787,7582572888883
accept-in,7526537826031322787,7582572897997
accept-in,3334957617931785973,7582638874766
accept-in,3334957617931785973,7582638883805
accept-in,-5299839724535154096,7582659442651
accept-in,-5299839724535154096,7582659450357
accept-in,-3163145115122881662,7582741328633
accept-in,-3163145115122881662,7582741345406
accept-in,-512805020536231539,7582762056144
accept-in,-512805020536231539,7582762064374
accept-in,-4517105540450232670,7582853105827
accept-in,-4517105540450232670,7582853114860
accept-in,-6862800406323226774,7582856795215
accept-in,-6862800406323226774,7582856800655
accept-in,-6799963042708419466,7582898195115
accept-in,-6799963042708419466,7582898203923
accept-in,6910712592358401105,7582913609722
accept-in,6910712592358401105,7582913618514
accept-in,-4023857111636295030,7582931576795
accept-in,-4023857111636295030,7582931585222
accept-in,6648851080243969363,7582957295801
accept-in,6648851080243969363,7582957301651
accept-in,6273586927340924775,7582969543928
accept-in,6273586927340924775,7582969547248
accept-in,8208836624660711430,7583047189752
accept-in,8208836624660711430,7583047199649
accept-in,4470682126019206141,7583066657503
accept-in,4470682126019206141,7583066664172
accept-in,-3926721210173814173,7583069850380
accept-in,-3926721210173814173,7583069855417
accept-in,3079395521752097132,7583092541032
accept-in,3079395521752097132,7583092547924
accept-in,7495725803808871989,7583231603708
accept-in,7495725803808871989,7583231622072
accept-in,-1570558446831455848,7583287344774
accept-in,-1570558446831455848,7583287353956
accept-in,295047000701469580,7583405126818
accept-in,295047000701469580,7583405136419
accept-in,-5634200720841108813,7583422736134
accept-in,-5634200720841108813,7583422745090
accept-in,-4974431765594631968,7583494243793
accept-in,-4974431765594631968,7583494255376
accept-in,6606932419920079451,7583564666034
accept-in,6606932419920079451,7583564670588
accept-in,-2739645100803560032,7583688916138
accept-in,-2739645100803560032,7583688923781
accept-in,-7791202749153367486,7583749848100
accept-in,-7791202749153367486,7583749857741
accept-in,899096242260392348,7583757353782
accept-in,899096242260392348,7583757357197
accept-in,5842788334348550448,7583770578493
accept-in,5842788334348550448,7583770583431
accept-in,508289868324467800,7583802940118
accept-in,508289868324467800,7583802947629
accept-in,4660553466922344258,7583819921636
accept-in,4660553466922344258,7583819926175
accept-in,8480666377435041819,7583868302299
accept-in,8480666377435041819,7583868307112
accept-in,5997010522892533817,7583910514591
accept-in,5997010522892533817,7583910525186
accept-in,-5402167255366580366,7583959531183
accept-in,-5402167255366580366,7583959539918
accept-in,8279832935514509177,7583967078241
accept-in,8279832935514509177,7583967083121
accept-in,132711484490722476,7584051038118
accept-in,132711484490722476,7584051048836
accept-in,-511282264846897783,7584078298432
accept-in,-511282264846897783,7584078303057
accept-in,4269608320668354884,7584092728414
accept-in,4269608320668354884,7584092735353
accept-in,3876853795107688487,7584141141326
accept-in,3876853795107688487,7584141151073
accept-in,3035191289210221513,7584232783346
accept-in,3035191289210221513,7584232792920
accept-in,-1842066910608494928,7584242081224
accept-in,-1842066910608494928,7584242087430
accept-in,-4111460675672343865,7584293185586
accept-in,-4111460675672343865,7584293192756
accept-in,1684387921280067762,7584351691092
accept-in,1684387921280067762,7584351695551
accept-in,-937275431800829971,7584418043296
accept-in,-937275431800829971,7584418052015
accept-in,-1138018666690975066,7584435337494
accept-in,-1138018666690975066,7584435342939
accept-in,8753203137446663066,7584496738169
accept-in,8753203137446663066,7584496742610
accept-in,7472272637464718497,7584526606245
accept-in,7472272637464718497,7584526609653
accept-in,8378201004231780588,7584665090599
accept-in,8378201004231780588,7584665099925
accept-in,6482650505805476520,7584696607959
accept-in,6482650505805476520,7584696614212
