accept-in,3849979163642131110,14230320884175
accept-in,3849979163642131110,14230320895325
accept-in,-5027169334872977217,14230344070302
accept-in,-5027169334872977217,14230344080664
accept-in,7526258231406265514,14230553140662
accept-in,7526258231406265514,14230553153470
accept-in,-4960588443546630106,14230604045192
accept-in,-4960588443546630106,14230604057701
accept-in,-1122213558220104820,14230651074153
accept-in,-1122213558220104820,14230651086706
accept-in,-8479453794837800716,14230658395252
accept-in,-8479453794837800716,14230658400839
accept-in,-8501139908027629619,14230662992781
accept-in,-8501139908027629619,14230663048245
accept-in,1783749090552038912,14230677230824
accept-in,1783749090552038912,14230677303256
accept-in,1938136863716717914,14230695119239
accept-in,1938136863716717914,14230695131221
accept-in,4220529040711982502,14230702386054
accept-in,4220529040711982502,14230702394428
accept-in,1696566494202072048,14230796809230
accept-in,1696566494202072048,14230796822247
accept-in,61260278655425130,14230861882898
accept-in,61260278655425130,14230861896529
accept-in,-7931683144452018691,14230947557763
accept-in,-7931683144452018691,14230947569871
accept-in,6676704469407858849,14230976972021
accept-in,6676704469407858849,14230976985028
accept-in,-354908691680921495,14231018966868
accept-in,-354908691680921495,14231018978252
accept-in,1286548256603875539,14231024359721
accept-in,1286548256603875539,14231024368197
accept-in,4371593767503318799,14231164404469
accept-in,4371593767503318799,14231164416958
accept-in,8654425834361173131,14231247386955
accept-in,8654425834361173131,14231247398752
accept-in,3067230434345923477,14231249935666
accept-in,3067230434345923477,14231249942008
accept-in,4592348634741788982,14231282972616
accept-in,4592348634741788982,14231282983249
accept-in,5741358588622693565,14231313339559
accept-in,5741358588622693565,14231313349942
accept-in,1761247426143074717,14231457352840
accept-in,1761247426143074717,14231457365938
accept-in,-3559093739318885958,14231512874081
accept-in,-3559093739318885958,14231512896848
accept-in,-5434241912576710930,14231566306162
accept-in,-5434241912576710930,14231566318130
accept-in,8571799240532346642,14231645680607
accept-in,8571799240532346642,14231645691553
accept-in,2634657165235875396,14231912563281
accept-in,2634657165235875396,14231912577281
accept-in,-3950726547169095034,14231987398336
accept-in,-3950726547169095034,14231987411121
accept-in,4717036340847437413,14232038361558
accept-in,4717036340847437413,14232038375072
accept-in,2478693676259804139,14232080684393
accept-in,2478693676259804139,14232080693136
accept-in,7562779284866126724,14232138370355
accept-in,7562779284866126724,14232139219063
accept-in,-4121693309965109115,14232139221569
accept-in,-4121693309965109115,14232139232368
accept-in,-3296468016077292461,14232210158076
accept-in,-3296468016077292461,14232210171975
accept-in,-5190435887658349961,14232230644922
accept-in,-5190435887658349961,14232230655750
accept-in,-7642912235863408700,14232513078118
accept-in,-7642912235863408700,14232513086232
accept-in,-8900405739978049685,14232522011288
accept-in,-8900405739978049685,14232522019952
accept-in,-3201563114572138278,14232526962756
accept-in,-3201563114572138278,14232526969517
accept-in,-3988421222089870119,14232599824957
accept-in,-3988421222089870119,14232599837919
accept-in,-1731241697925243417,14232639785047
accept-in,-1731241697925243417,14232639796609
accept-in,-5314841206822983102,14232676248074
accept-in,-5314841206822983102,14232676259056
accept-in,4862122669791686066,14232689741420
accept-in,4862122669791686066,14232689748483
accept-in,5156485866926427513,14232698735780
accept-in,5156485866926427513,14232698741109
accept-in,6394026141443411941,14232719397863
accept-in,6394026141443411941,14232719406789
accept-in,7175463747636407149,14232740393539
accept-in,7175463747636407149,14232740402485
accept-in,4169077469416282388,14232742426221
accept-in,4169077469416282388,14232742435481
accept-in,-6433897746431335238,14232746731756
accept-in,-6433897746431335238,14232746738425
accept-in,3468652508984830117,14232757966920
accept-in,3468652508984830117,14232757975520
accept-in,8649474959090895475,14232780027674
accept-in,8649474959090895475,14232780045599
accept-in,5793604130652036502,14232791946122
accept-in,5793604130652036502,14232792101253
accept-in,-4613763792313034445,14232808242962
accept-in,-4613763792313034445,14232808333072
accept-in,-2227544102578973067,14232831617981
accept-in,-2227544102578973067,14232831630182
accept-in,-7180429839468002695,14232839907391
accept-in,-7180429839468002695,14232839919745
accept-in,6583590324196805560,14232911583448
accept-in,6583590324196805560,14232911596896
accept-in,9165024386986647926,14232927753432
accept-in,9165024386986647926,14232927765159
accept-in,-513351862966907901,14232999032469
accept-in,-513351862966907901,14232999045370
accept-in,-7680244628297792273,14233030752809
accept-in,-7680244628297792273,14233030765948
accept-in,8638507816453020977,14233077401820
accept-in,8638507816453020977,14233077415287
accept-in,-626646567784211377,14233078300034
accept-in,-626646567784211377,14233078305746
accept-in,556988965728171121,14233113832844
accept-in,556988965728171121,14233113840818
accept-in,578229946680206517,14233116465835
accept-in,578229946680206517,14233116480178
accept-in,2501664331554549074,14233186019385
accept-in,2501664331554549074,14233186032398
accept-in,9044061402533473338,14233207275684
accept-in,9044061402533473338,14233207283733
accept-in,3565022974412548351,14233230221364
accept-in,3565022974412548351,14233230235053
accept-in,-5114839437585073847,14233262777949
accept-in,-5114839437585073847,14233262791268
accept-in,8732294579454043914,14233276728429
accept-in,8732294579454043914,14233276739976
accept-in,-7980923882922673386,14233300767015
accept-in,-7980923882922673386,14233300778193
accept-in,-6685752804434586253,14233334245505
accept-in,-6685752804434586253,14233334259943
accept-in,5395909352095261331,14233341273606
accept-in,5395909352095261331,14233341281674
accept-in,7824632877669873420,14233438513200
accept-in,7824632877669873420,14233438526428
accept-in,3670954088498672301,14233474087375
accept-in,3670954088498672301,14233474100556
accept-in,4669739206612667215,14233625977419
accept-in,4669739206612667215,14233625985637
accept-in,4698170954012056119,14233628782642
accept-in,4698170954012056119,14233628788847
accept-in,3397439202295381634,14233710369603
accept-in,3397439202295381634,14233710379601
accept-in,5698503826065807395,14233740445205
accept-in,5698503826065807395,14233740458825
accept-in,8568237171277148404,14233760488517
accept-in,8568237171277148404,14233760500847
accept-in,-7251441163746259612,14233918314626
accept-in,-7251441163746259612,14233918327503
accept-in,4471128811264880633,14233964219754
accept-in,4471128811264880633,14233964236688
accept-in,7998506166844451405,14233999653912
accept-in,7998506166844451405,14233999667370
accept-in,4651537974883561226,14234003677902
accept-in,4651537974883561226,14234003685670
accept-in,2836336674739945840,14234110217793
accept-in,2836336674739945840,14234110230321
accept-in,2266838716087242330,14234164453252
accept-in,2266838716087242330,14234164467564
accept-in,-1770376048557398947,14234533188785
accept-in,-1770376048557398947,14234533204237
accept-in,-1843711117572864897,14234679805917
accept-in,-1843711117572864897,14234679819215
accept-in,5028588112067576358,14234772170692
accept-in,5028588112067576358,14234772183084
accept-in,-843885496564715522,14234892223566
accept-in,-843885496564715522,14234892236561
accept-in,-9130505193255887466,14234931930195
accept-in,-9130505193255887466,14234931938337
accept-in,-433027183727322538,14235037086648
accept-in,-433027183727322538,14235037099773
accept-in,-7548787663433083372,14235086890619
accept-in,-7548787663433083372,14235086903489
accept-in,-3394115495572135992,14235171465084
accept-in,-3394115495572135992,14235171478061
accept-in,6923014139070938324,14235339485067
accept-in,6923014139070938324,14235339496535
accept-in,-6748628932605795972,14235612779838
accept-in,-6748628932605795972,14235612801365
accept-in,9197443190866654000,14235695164887
accept-in,9197443190866654000,14235695178372
accept-in,-6601912086370904252,14235779514289
accept-in,-6601912086370904252,14235779528126
accept-in,-5286185190634345724,14235878817920
accept-in,-5286185190634345724,14235878831243
accept-in,6358829472825136841,14235946900713
accept-in,6358829472825136841,14235946913934
accept-in,7299237746194279077,14235955960574
accept-in,7299237746194279077,14235955969049
accept-in,-320140513109397739,14235960748418
accept-in,-320140513109397739,14235960756444
accept-in,-1375630689181428871,14235964400790
accept-in,-1375630689181428871,14235964407485
accept-in,5754779583936588913,14236055998818
accept-in,5754779583936588913,14236056011644
accept-in,5963788761740760677,14236066265071
accept-in,5963788761740760677,14236066273233
accept-in,61258697994411450,14236206726106
accept-in,61258697994411450,14236206739226
accept-in,6420097791667005568,14236307936491
accept-in,6420097791667005568,14236307949194
accept-in,-8487901506866489340,14236308152690
accept-in,-8487901506866489340,14236308158481
accept-in,4841693408625310520,14236338699874
accept-in,4841693408625310520,14236338710411
accept-in,-8832364051580028633,14236466195320
accept-in,-8832364051580028633,14236466209420
accept-in,1697321745752964034,14236486349057
accept-in,1697321745752964034,14236486371163
accept-in,494753251044976876,14236488373165
accept-in,494753251044976876,14236488379190
accept-in,4753087606486687021,14236553873329
accept-in,4753087606486687021,14236553886344
accept-in,-1481803603625505392,14236641114126
accept-in,-1481803603625505392,14236641121805
accept-in,4633826073675789849,14236660005854
accept-in,4633826073675789849,14236660024799
accept-in,5825135895293271587,14236729522643
accept-in,5825135895293271587,14236729536091
accept-in,8110046935808347556,14236810680393
accept-in,8110046935808347556,14236810691652
accept-in,1577967856432066294,14236849086123
accept-in,1577967856432066294,14236849097574
accept-in,1376794510099611732,14236898656744
accept-in,1376794510099611732,14236898667556
accept-in,8370549456808979319,14236965982709
accept-in,8370549456808979319,14236965996651
accept-in,-2212435175546071692,14237023661424
accept-in,-2212435175546071692,14237023672322
accept-in,-2158458606539549851,14237046125433
accept-in,-2158458606539549851,14237046134681
accept-in,-1176903959707913969,14237188002156
accept-in,-1176903959707913969,14237188016997
accept-in,-8025423828747724264,14237265129383
accept-in,-8025423828747724264,14237265141156
accept-in,5257369033981788583,14237279797880
accept-in,5257369033981788583,14237279808642
accept-in,8895688875259089492,14237297500639
accept-in,8895688875259089492,14237297516645
accept-in,-2219112469170237734,14237381205621
accept-in,-2219112469170237734,14237381216793
accept-in,-9013463437995710405,14237462567704
accept-in,-9013463437995710405,14237462579827
accept-in,-7581351899136243171,14237467659772
accept-in,-7581351899136243171,14237467669304
accept-in,505449512432125600,14237610340750
accept-in,505449512432125600,14237610352847
accept-in,-4500102912315242141,14237662839643
accept-in,-4500102912315242141,14237662860070
accept-in,9016760644140185996,14237668014388
accept-in,9016760644140185996,14237668021489
accept-in,8583844093622097238,14237691781497
accept-in,8583844093622097238,14237691792163
accept-in,3594756666604453546,14237735390913
accept-in,3594756666604453546,14237735398413
accept-in,-5918545813470856493,14237740080649
accept-in,-5918545813470856493,14237740086550
accept-in,-6085833096049446677,14237771862456
accept-in,-6085833096049446677,14237771870622
accept-in,1769380539283777401,14237795922902
accept-in,1769380539283777401,14237795936568
accept-in,-482417135774962780,14237798768205
accept-in,-482417135774962780,14237798778722
accept-in,-4172344577927422311,14237961244109
accept-in,-4172344577927422311,14237961251830
accept-in,-3419738459458646361,14237988059067
accept-in,-3419738459458646361,14237988071879
accept-in,3516126042346993395,14238066329473
accept-in,3516126042346993395,14238066342756
accept-in,-228559222306691094,14238091610439
accept-in,-228559222306691094,14238091616999
accept-in,209006093448217340,14238182277399
accept-in,209006093448217340,14238182290546
accept-in,6710050194303183122,14238188465699
accept-in,6710050194303183122,14238188473467
accept-in,1804223007996625208,14238354188600
accept-in,1804223007996625208,14238354201924
accept-in,8845689283458107757,14238384411511
accept-in,8845689283458107757,14238384420509
accept-in,4051516522883086342,14238410696614
accept-in,4051516522883086342,14238410708530
accept-in,-9037936217327363646,14238499802646
accept-in,-9037936217327363646,14238499814617
accept-in,-2256454594484337301,14238503139193
accept-in,-2256454594484337301,14238503146567
accept-in,-7227440952742894848,14238550881318
accept-in,-7227440952742894848,14238550904478
accept-in,538255057715657065,14238578671553
accept-in,538255057715657065,14238578685478
accept-in,2639974914357741817,14238587704995
accept-in,2639974914357741817,14238587713177
accept-in,9079517094463047100,14238618017763
accept-in,9079517094463047100,14238618029224
accept-in,252520452033740771,14238623418308
accept-in,252520452033740771,14238623453958
accept-in,1908256664553106225,14238638586998
accept-in,1908256664553106225,14238638642376
accept-in,6018507237209240967,14238671668939
accept-in,6018507237209240967,14238671688611
accept-in,-2757131764053995418,14238796581499
accept-in,-2757131764053995418,14238796594729
accept-in,-1523513822070032522,14238841686203
accept-in,-1523513822070032522,14238841698486
accept-in,-8275141478622239954,14238876283068
accept-in,-8275141478622239954,14238876296331
accept-in,4252606787805937623,14238906031090
accept-in,4252606787805937623,14238906043963
accept-in,4563071760771892100,14238959119647
accept-in,4563071760771892100,14238959133166
accept-in,-8822081032625809909,14239000807561
accept-in,-8822081032625809909,14239000819854
accept-in,-5724423708500257451,14239033619932
accept-in,-5724423708500257451,14239033632847
accept-in,5827414800171436405,14239089185928
accept-in,5827414800171436405,14239089198000
accept-in,-4336458632515552888,14239188531968
accept-in,-4336458632515552888,14239188545447
accept-in,-4923090252418426223,14239222354916
accept-in,-4923090252418426223,14239222369070
accept-in,-8762573725188941906,14239226376174
accept-in,-8762573725188941906,14239226381920
accept-in,-786181503600581256,14239241904690
accept-in,-786181503600581256,14239241914002
accept-in,-8843882471896735789,14239264615063
accept-in,-8843882471896735789,14239264625699
accept-in,5052099651977670161,14239308759697
accept-in,5052099651977670161,14239308770677
accept-in,2429601595911903085,14239432044776
accept-in,2429601595911903085,14239432058375
accept-in,1052554686605810932,14239440494889
accept-in,1052554686605810932,14239440504795
accept-in,2776045356580244633,14239491176507
accept-in,2776045356580244633,14239491197491
accept-in,7418261797719026850,14239533205600
accept-in,7418261797719026850,14239533249434
accept-in,-8117356116059330500,14239561643124
accept-in,-8117356116059330500,14239561655903
accept-in,701747236944310356,14239572719473
accept-in,701747236944310356,14239572731703
accept-in,-6672836940748771792,14239691682707
accept-in,-6672836940748771792,14239691693505
accept-in,-1267337417420467913,14239778017457
accept-in,-1267337417420467913,14239778030255
accept-in,-929476166893880095,14239792090822
accept-in,-929476166893880095,14239792099220
accept-in,-1745176401349687876,14239808153887
accept-in,-1745176401349687876,14239808161107
accept-in,-1061800764883275102,14239813218884
accept-in,-1061800764883275102,14239813225542
accept-in,-4427461483723213183,14239830872804
accept-in,-4427461483723213183,14239830883363
accept-in,-1751550670368280054,14239927986636
accept-in,-1751550670368280054,14239927999410
accept-in,-5904663731769043473,14239977073769
accept-in,-5904663731769043473,14239977086170
accept-in,5558145076585440846,14240034578567
accept-in,5558145076585440846,14240034590151
accept-in,-8198653068740572918,14240046187507
accept-in,-8198653068740572918,14240046198892
accept-in,-1878725645294865464,14240275694435
accept-in,-1878725645294865464,14240275705877
accept-in,-7370373687618802987,14240290054916
accept-in,-7370373687618802987,14240290062590
accept-in,420163669584450130,14240332055365
accept-in,420163669584450130,14240332065369
accept-in,-2857627744149156319,14240333761655
accept-in,-2857627744149156319,14240333767726
accept-in,-8451155065023558832,14240343091556
accept-in,-8451155065023558832,14240343098540
accept-in,-4024329245967734939,14240390550479
accept-in,-4024329245967734939,14240390560789
accept-in,1898905104874136389,14240402323343
accept-in,1898905104874136389,14240402334414
accept-in,-7408769640770873491,14240421576711
accept-in,-7408769640770873491,14240421586221
accept-in,5357320144527191951,14240476659216
accept-in,5357320144527191951,14240476670233
accept-in,-7253724550778250669,14240557137201
accept-in,-7253724550778250669,14240557152553
accept-in,-6337412476645048150,14240600550213
accept-in,-6337412476645048150,14240600563222
accept-in,-7504666899951944083,14240647402058
accept-in,-7504666899951944083,14240647414247
accept-in,-2500500393369255575,14240658731875
accept-in,-2500500393369255575,14240658740347
accept-in,-1084253576423353793,14240731302685
accept-in,-1084253576423353793,14240731316308
accept-in,4920121785619396665,14240762842513
accept-in,4920121785619396665,14240762853663
accept-in,2925575427379228397,14240839738356
accept-in,2925575427379228397,14240839748721
accept-in,-6845515112558336886,14240843675997
accept-in,-6845515112558336886,14240843810231
accept-in,-6668164192199856816,14240933887111
accept-in,-6668164192199856816,14240933907998
accept-in,7309902311953263197,14240974838660
accept-in,7309902311953263197,14240974851166
accept-in,-3974852693713404492,14240982464919
accept-in,-3974852693713404492,14240982469686
accept-in,-5806569845108047172,14241001537774
accept-in,-5806569845108047172,14241001645860
accept-in,7265856753030048347,14241045254195
accept-in,7265856753030048347,14241045267164
accept-in,4706480397327168809,14241094926463
accept-in,4706480397327168809,14241094938897
accept-in,163370872473159567,14241121692932
accept-in,163370872473159567,14241121714478
accept-in,-8556495251815712312,14241181693668
accept-in,-8556495251815712312,14241181712796
accept-in,1853387541445986531,14241188259686
accept-in,1853387541445986531,14241188266705
accept-in,-2746712387265282072,14241193715261
accept-in,-2746712387265282072,14241193721836
accept-in,-5483385595185861395,14241262116616
accept-in,-5483385595185861395,14241262128872
accept-in,-7995178468945893928,14241330144011
accept-in,-7995178468945893928,14241330153697
accept-in,8083301450646712376,14241342149500
accept-in,8083301450646712376,14241342158406
accept-in,70421180406191025,14241362426688
accept-in,70421180406191025,14241362447969
accept-in,-3274602816993396261,14241425862337
accept-in,-3274602816993396261,14241425874688
accept-in,-2047156164610242114,14241429130568
accept-in,-2047156164610242114,14241429139145
accept-in,6637339497327657503,14241497421437
accept-in,6637339497327657503,14241497434527
accept-in,-4412143450793337996,14241544164663
accept-in,-4412143450793337996,14241544177632
accept-in,5897533721225514536,14241556633835
accept-in,5897533721225514536,14241556641971
accept-in,6961863982231665191,14241677597329
accept-in,6961863982231665191,14241677608630
accept-in,4076666203211893297,14241695552203
accept-in,4076666203211893297,14241695560517
accept-in,-8511505995348166433,14241843010812
accept-in,-8511505995348166433,14241843022633
accept-in,-6899720191826161540,14241856023927
accept-in,-6899720191826161540,14241856031153
accept-in,-6797491077412181770,14241920531751
accept-in,-6797491077412181770,14241920543240
accept-in,2824470405451194992,14241935054523
accept-in,2824470405451194992,14241935061384
accept-in,763722623542883721,14241981291923
accept-in,763722623542883721,14241981302949
accept-in,-1669839425033112186,14242024794438
accept-in,-1669839425033112186,14242024803671
accept-in,-2350599650786688653,14242045376485
accept-in,-2350599650786688653,14242045384913
accept-in,-4171173846423812577,14242115842279
accept-in,-4171173846423812577,14242115853677
accept-in,-8534695397540241323,14242459762426
accept-in,-8534695397540241323,14242459773280
accept-in,2255547999340217994,14242476032784
accept-in,2255547999340217994,14242476041929
accept-in,7824391602029336448,14242482019258
accept-in,7824391602029336448,14242482025698
accept-in,-8731035507767855263,14242514774794
accept-in,-8731035507767855263,14242514787975
accept-in,6244549385849469835,14242631664213
accept-in,6244549385849469835,14242631675961
accept-in,1815054520124208705,14242648622851
accept-in,1815054520124208705,14242648632032
accept-in,-5198630614888134523,14242708890712
accept-in,-5198630614888134523,14242708902179
accept-in,4640115651316286754,14242803024173
accept-in,4640115651316286754,14242803032079
accept-in,1748711835285737138,14242823108537
accept-in,1748711835285737138,14242823332888
accept-in,4797472588035344905,14242860557725
accept-in,4797472588035344905,14242860787675
accept-in,-6515918797057612826,14242881615667
accept-in,-6515918797057612826,14242881624687
accept-in,6314706660461601681,14242914015010
accept-in,6314706660461601681,14242914027934
accept-in,-5404170067255313653,14242958189630
accept-in,-5404170067255313653,14242958201668
accept-in,-5790379659346499175,14242982176714
accept-in,-5790379659346499175,14242982184552
accept-in,-6775945779906518624,14243005023618
accept-in,-6775945779906518624,14243005279078
accept-in,-6456938330239175322,14243005281178
accept-in,-6456938330239175322,14243005290933
accept-in,3500173321487073216,14243051014488
accept-in,3500173321487073216,14243051094989
accept-in,2872985231135238693,14243123908227
accept-in,2872985231135238693,14243123921201
accept-in,861312874055082500,14243256496353
accept-in,861312874055082500,14243256516087
accept-in,-1618333221006795400,14243269402018
accept-in,-1618333221006795400,14243269423055
accept-in,6788110877404877310,14243287097128
accept-in,6788110877404877310,14243287108273
accept-in,-8574402262596379077,14243361015104
accept-in,-8574402262596379077,14243361027341
accept-in,-5997982867169860514,14243414160962
accept-in,-5997982867169860514,14243414172766
accept-in,7207139496053263681,14243433748303
accept-in,7207139496053263681,14243433760927
accept-in,961874170014876013,14243457182469
accept-in,961874170014876013,14243457194950
accept-in,2488850497135956265,14243459231534
accept-in,2488850497135956265,14243459239127
accept-in,-4369694429218189010,14243467951205
accept-in,-4369694429218189010,14243467960305
accept-in,-1561607512790481128,14243540900538
accept-in,-1561607512790481128,14243540912728
accept-in,3238668597040039044,14243560036599
accept-in,3238668597040039044,14243560049210
accept-in,3240108147562841998,14243748325773
accept-in,3240108147562841998,14243748338686
accept-in,3847310378253018039,14243748984096
accept-in,3847310378253018039,14243748991493
accept-in,-4776391094468050568,14243965544590
accept-in,-4776391094468050568,14243965557556
accept-in,9126029096904912535,14244080518045
accept-in,9126029096904912535,14244080530576
accept-in,-9108701708967026215,14244146630020
accept-in,-9108701708967026215,14244146643145
accept-in,-3848542754053980876,14244165296108
accept-in,-3848542754053980876,14244165305189
accept-in,-8680716074741723953,14244179124422
accept-in,-8680716074741723953,14244179132966
accept-in,6532568817606156510,14244245192298
accept-in,6532568817606156510,14244245201613
accept-in,-7679304532151666283,14244249586467
accept-in,-7679304532151666283,14244249599918
accept-in,-7405446625719925346,14244267832104
accept-in,-7405446625719925346,14244267842284
accept-in,8013242379743391058,14244277082540
accept-in,8013242379743391058,14244277090761
accept-in,7049598305064379357,14244439037982
accept-in,7049598305064379357,14244439051079
accept-in,-3667497382221599225,14244509646865
accept-in,-3667497382221599225,14244509659920
accept-in,5687273466471404555,14244629147508
accept-in,5687273466471404555,14244629160150
accept-in,-6082539027358099635,14244701121871
accept-in,-6082539027358099635,14244701129748
accept-in,5175404372870567672,14244711314936
accept-in,5175404372870567672,14244711363346
accept-in,-3135632902456843993,14244739582231
accept-in,-3135632902456843993,14244739594703
accept-in,3970707275725276739,14244792725222
accept-in,3970707275725276739,14244792739551
accept-in,-4693350376621691379,14244830552466
accept-in,-4693350376621691379,14244830559671
accept-in,8774307515820753131,14244914287708
accept-in,8774307515820753131,14244914300970
accept-in,-101379009891689393,14245004860189
accept-in,-101379009891689393,14245004872628
accept-in,3867763735454936990,14245086773362
accept-in,3867763735454936990,14245086786359
accept-in,-8504881596584248834,14245095199967
accept-in,-8504881596584248834,14245095217098
accept-in,-7458480194014769428,14245115130299
accept-in,-7458480194014769428,14245115141234
accept-in,7321362256674239305,14245136561653
accept-in,7321362256674239305,14245136569075
accept-in,-381421694671791299,14245161722243
accept-in,-381421694671791299,14245161729938
accept-in,-8977342062784745150,14245356621947
accept-in,-8977342062784745150,14245356634676
accept-in,1956290216634714373,14245370793648
accept-in,1956290216634714373,14245370802476
accept-in,-2361433665754847876,14245553986110
accept-in,-2361433665754847876,14245554000378
accept-in,6354090122115392445,14245599956701
accept-in,6354090122115392445,14245599969934
accept-in,-6243560592917318817,14245602916061
accept-in,-6243560592917318817,14245602923097
accept-in,-8628809309219952440,14245702172043
accept-in,-8628809309219952440,14245702185366
accept-in,6318973322270565317,14245743301825
accept-in,6318973322270565317,14245743309861
accept-in,-3896930028322727968,14245764184900
accept-in,-3896930028322727968,14245764197248
accept-in,7422779529900333588,14245776542302
accept-in,7422779529900333588,14245776548128
accept-in,7857919494921960761,14245815910338
accept-in,7857919494921960761,14245816181152
accept-in,-6737731325860926568,14245912277418
accept-in,-6737731325860926568,14245912289612
accept-in,-5244598322668218097,14245998919256
accept-in,-5244598322668218097,14245998931989
accept-in,-3831276923276940930,14246081572093
accept-in,-3831276923276940930,14246081585048
accept-in,-2709217408559118459,14246086000914
accept-in,-2709217408559118459,14246086009173
accept-in,-3178151370059868457,14246090930498
accept-in,-3178151370059868457,14246090939326
accept-in,-7191932796486030102,14246102984056
accept-in,-7191932796486030102,14246102991604
accept-in,4246771184559167418,14246136196225
accept-in,4246771184559167418,14246136209463
accept-in,3212946442763714862,14246163819969
accept-in,3212946442763714862,14246163828046
accept-in,-2234987336705298327,14246187884386
accept-in,-2234987336705298327,14246188131238
accept-in,-6726893211098164236,14246188140648
accept-in,-6726893211098164236,14246188154950
accept-in,-8845797388034782436,14246198443444
accept-in,-8845797388034782436,14246198512448
accept-in,-2122311185377541520,14246256885884
accept-in,-2122311185377541520,14246256898097
accept-in,-6260331051563695019,14246261765836
accept-in,-6260331051563695019,14246261772410
accept-in,8244041085152328185,14246293214803
accept-in,8244041085152328185,14246293222080
accept-in,-6190465244343011719,14246296929375
accept-in,-6190465244343011719,14246296935776
accept-in,5799431302146889711,14246345916078
accept-in,5799431302146889711,14246345926106
accept-in,2941076832074499405,14246372156457
accept-in,2941076832074499405,14246372165407
accept-in,-8732701923611517768,14246385307442
accept-in,-8732701923611517768,14246385316345
accept-in,-2731785617444660675,14246576475359
accept-in,-2731785617444660675,14246576494592
accept-in,3713455814559243877,14246629536859
accept-in,3713455814559243877,14246629544988
accept-in,-6486089026687193616,14246742625503
accept-in,-6486089026687193616,14246742637445
accept-in,-8049870371698422400,14246780661711
accept-in,-8049870371698422400,14246780675677
accept-in,-1500553727637772069,14246781873313
accept-in,-1500553727637772069,14246781879701
accept-in,4974772152955326372,14246876773024
accept-in,4974772152955326372,14246876784735
accept-in,3651781349051838593,14246917305108
accept-in,3651781349051838593,14246917314433
accept-in,122799685377770718,14246924320996
accept-in,122799685377770718,14246924326208
accept-in,991639627944584494,14247000084869
accept-in,991639627944584494,14247000096873
accept-in,1446320672707546892,14247074726242
accept-in,1446320672707546892,14247074739374
accept-in,4752737638767174031,14247179963990
accept-in,4752737638767174031,14247179985003
accept-in,-5186558498752921358,14247197481583
accept-in,-5186558498752921358,14247197489416
accept-in,9019823376866920250,14247225157261
accept-in,9019823376866920250,14247225174640
accept-in,-5347664084768692044,14247276986358
accept-in,-5347664084768692044,14247276998304
accept-in,-5889853728709325371,14247360164045
accept-in,-5889853728709325371,14247360175006
accept-in,-3139223367690669731,14247360177088
accept-in,-3139223367690669731,14247360179452
accept-in,5078164286704113297,14247392528161
accept-in,5078164286704113297,14247392538652
accept-in,-5318474134009797952,14247423474785
accept-in,-5318474134009797952,14247423485334
accept-in,3117064218469436755,14247434984500
accept-in,3117064218469436755,14247434991608
accept-in,1261062060134366,14247578753910
accept-in,1261062060134366,14247578764394
accept-in,4480724321592010226,14247589605200
accept-in,4480724321592010226,14247589611603
accept-in,4293084482878820209,14247684049040
accept-in,4293084482878820209,14247684067150
accept-in,-1728984989533108630,14247763724503
accept-in,-1728984989533108630,14247763735461
accept-in,-3016140397718044204,14247767737920
accept-in,-3016140397718044204,14247767744406
accept-in,5531587376530511515,14247800038052
accept-in,5531587376530511515,14247800049979
accept-in,-584945045514799042,14247821971474
accept-in,-584945045514799042,14247821990608
accept-in,201447221573756315,14247856465766
accept-in,201447221573756315,14247856480041
accept-in,2788600226535568053,14247944211441
accept-in,2788600226535568053,14247944224333
accept-in,-6918856205931217236,14248053536806
accept-in,-6918856205931217236,14248053548922
accept-in,4955185233892391530,14248174026082
accept-in,4955185233892391530,14248174039297
accept-in,2410141975579241668,14248250302172
accept-in,2410141975579241668,14248250313071
accept-in,-6883780584846153765,14248347493500
accept-in,-6883780584846153765,14248347513611
accept-in,6131863397837302794,14248354768500
accept-in,6131863397837302794,14248354776275
accept-in,8147981564081712199,14248428026223
accept-in,8147981564081712199,14248428033462
accept-in,6533380137510234033,14248432439721
accept-in,6533380137510234033,14248432446432
accept-in,-8115443133279223172,14248509931092
accept-in,-8115443133279223172,14248509943982
accept-in,-7298575983391287590,14248599654623
accept-in,-7298575983391287590,14248599667620
accept-in,2506894258615962186,14248646577663
accept-in,2506894258615962186,14248646590494
accept-in,-3776886978068887973,14248726178786
accept-in,-3776886978068887973,14248726190264
accept-in,2077404374680750563,14248839007985
accept-in,2077404374680750563,14248839027915
accept-in,-5394973741865123408,14248988111715
accept-in,-5394973741865123408,14248988124149
accept-in,-5001502930091729233,14249112388031
accept-in,-5001502930091729233,14249112401419
accept-in,1533986376948373919,14249116312778
accept-in,1533986376948373919,14249116321080
accept-in,-6249266467153668051,14249129316021
accept-in,-6249266467153668051,14249129323467
accept-in,4060630738598466730,14249152330537
accept-in,4060630738598466730,14249152336521
accept-in,-5786426456165174839,14249154567156
accept-in,-5786426456165174839,14249154572514
accept-in,8191612448599739068,14249216919025
accept-in,8191612448599739068,14249216932329
accept-in,-7751312607750130304,14249287115669
accept-in,-7751312607750130304,14249287127926
accept-in,-6204927816408325013,14249358203335
accept-in,-6204927816408325013,14249358211052
accept-in,-8300424148754248961,14249398911287
accept-in,-8300424148754248961,14249398918551
accept-in,-3905267615632437076,14249493708170
accept-in,-3905267615632437076,14249493720353
accept-in,4503211112659746873,14249566598710
accept-in,4503211112659746873,14249566611625
accept-in,6103375051983428674,14249628418856
accept-in,6103375051983428674,14249628426193
accept-in,-4210120801348927257,14249688124607
accept-in,-4210120801348927257,14249688138562
accept-in,5207860584480834076,14249769544302
accept-in,5207860584480834076,14249769565586
accept-in,-9081062974567673613,14249830834488
accept-in,-9081062974567673613,14249830841788
accept-in,5574463276907765955,14249915733236
accept-in,5574463276907765955,14249915746362
accept-in,-5699454868441800442,14249948642897
accept-in,-5699454868441800442,14249948649619
accept-in,134375851414178817,14249966740511
accept-in,134375851414178817,14249966750251
accept-in,6177408161584383676,14249986472731
accept-in,6177408161584383676,14249986483538
accept-in,-4299607502785239400,14249998403893
accept-in,-4299607502785239400,14249998410591
accept-in,-4999590114769234840,14250008683103
accept-in,-4999590114769234840,14250008692169
accept-in,4029198061059944138,14250019122720
accept-in,4029198061059944138,14250019130127
accept-in,-6429943829132398153,14250051165090
accept-in,-6429943829132398153,14250051172469
accept-in,-7827469710662617141,14250076605830
accept-in,-7827469710662617141,14250076616083
accept-in,-1111312194896091819,14250183054724
accept-in,-1111312194896091819,14250183066134
accept-in,-2485455727701790213,14250188312084
accept-in,-2485455727701790213,14250188319906
accept-in,-2686132480498145372,14250309477085
accept-in,-2686132480498145372,14250309489541
accept-in,-2329940862330300663,14250425743175
accept-in,-2329940862330300663,14250425756132
accept-in,-8832991373459132252,14250495492508
accept-in,-8832991373459132252,14250495505154
accept-in,-5608992671622090309,14250538221377
accept-in,-5608992671622090309,14250538230908
accept-in,1780312172819018496,14250695607771
accept-in,1780312172819018496,14250695620921
accept-in,6670363851522885748,14250734621200
accept-in,6670363851522885748,14250734631205
accept-in,898871427728517960,14250794001481
accept-in,898871427728517960,14250794012169
accept-in,3175625054879401502,14250925500325
accept-in,3175625054879401502,14250925513739
accept-in,3198418744998032009,14250970145098
accept-in,3198418744998032009,14250970157047
accept-in,6560040334880882596,14250991541193
accept-in,6560040334880882596,14250991548874
accept-in,6867526670627595958,14251061237192
accept-in,6867526670627595958,14251061244775
accept-in,-2286966233420169963,14251073053311
accept-in,-2286966233420169963,14251073331356
accept-in,-129695298521784690,14251075924658
accept-in,-129695298521784690,14251075928791
accept-in,-3233537648720084216,14251117754974
accept-in,-3233537648720084216,14251117765890
accept-in,-5050874972908383221,14251134308791
accept-in,-5050874972908383221,14251134313896
accept-in,8596143530629272850,14251150219106
accept-in,8596143530629272850,14251150226487
accept-in,5836988590333182554,14251165805707
accept-in,5836988590333182554,14251165814869
accept-in,3297818284707428901,14251166014725
accept-in,3297818284707428901,14251166020469
accept-in,9125622768421646306,14251237518301
accept-in,9125622768421646306,14251237530914
accept-in,1277609832182112502,14251315626501
accept-in,1277609832182112502,14251315639210
accept-in,-4914553485957618311,14251468577334
accept-in,-4914553485957618311,14251468585261
accept-in,5605665471127253871,14251480659123
accept-in,5605665471127253871,14251480666029
accept-in,-3513400625372618101,14251488386560
accept-in,-3513400625372618101,14251488390839
accept-in,-5767263781913541176,14251503685062
accept-in,-5767263781913541176,14251503690500
accept-in,-7324979999169193984,14251520070296
accept-in,-7324979999169193984,14251520076148
accept-in,-8173128266009568466,14251571481044
accept-in,-8173128266009568466,14251571496622
accept-in,-7637329468122780715,14251667131860
accept-in,-7637329468122780715,14251667144244
accept-in,4916091137282125084,14251671139318
accept-in,4916091137282125084,14251671145945
accept-in,-3733164481689868058,14251688912223
accept-in,-3733164481689868058,14251688919275
accept-in,-1103419680977867812,14251713884196
accept-in,-1103419680977867812,14251713892525
accept-in,-6087289560917160754,14251762080021
accept-in,-6087289560917160754,14251762090519
accept-in,5859214298932583030,14251818922743
accept-in,5859214298932583030,14251818933204
accept-in,-5952835850929746894,14252036616826
accept-in,-5952835850929746894,14252036629611
accept-in,-2003559848953639426,14252073362295
accept-in,-2003559848953639426,14252073373658
accept-in,6896221431438498672,14252097398865
accept-in,6896221431438498672,14252097406022
accept-in,809374793593355668,14252117201463
accept-in,809374793593355668,14252117209003
accept-in,723417845286603115,14252140796058
accept-in,723417845286603115,14252140802861
accept-in,-3103332158220449228,14252162146857
accept-in,-3103332158220449228,14252162158038
accept-in,-3586450256909473596,14252190484945
accept-in,-3586450256909473596,14252190494911
accept-in,7218185247948620841,14252200776552
accept-in,7218185247948620841,14252200786252
accept-in,9181973059954369739,14252364244661
accept-in,9181973059954369739,14252364256237
accept-in,283379860042446316,14252374751791
accept-in,283379860042446316,14252374757511
accept-in,-1466514126315035742,14252385011674
accept-in,-1466514126315035742,14252385016916
accept-in,723902118038073042,14252429142687
accept-in,723902118038073042,14252429152233
accept-in,128101848495089106,14252433475381
accept-in,128101848495089106,14252433481194
accept-in,3593250530193744015,14252439265703
accept-in,3593250530193744015,14252439270853
accept-in,364352322151472659,14252591404506
accept-in,364352322151472659,14252591412615
accept-in,4042384529316796402,14252602912445
accept-in,4042384529316796402,14252602919912
accept-in,-8304588664473607995,14252611310939
accept-in,-8304588664473607995,14252611317537
accept-in,-2216377909092734693,14252644664586
accept-in,-2216377909092734693,14252644674030
accept-in,-5622297349294637216,14252942794369
accept-in,-5622297349294637216,14252942814147
accept-in,-8977544204220825695,14253084830065
accept-in,-8977544204220825695,14253084842631
accept-in,-4785647702120295874,14253097061739
accept-in,-4785647702120295874,14253097070526
accept-in,-2960391806195253756,14253163743357
accept-in,-2960391806195253756,14253163754278
accept-in,-7043282268968682704,14253186717794
accept-in,-7043282268968682704,14253186727282
accept-in,-7563825859499172770,14253199009436
accept-in,-7563825859499172770,14253199016545
accept-in,6219410417510237975,14253219636474
accept-in,6219410417510237975,14253219645320
accept-in,-7887968856258746818,14253302491021
accept-in,-7887968856258746818,14253302503449
accept-in,6103081535455406579,14253371506351
accept-in,6103081535455406579,14253371525509
accept-in,-2815259301208972703,14253448519723
accept-in,-2815259301208972703,14253448532986
accept-in,-3187605291941048000,14253485122299
accept-in,-3187605291941048000,14253485134311
accept-in,6171156967952789552,14253510472704
accept-in,6171156967952789552,14253510479988
accept-in,-3869931473404631244,14253614043456
accept-in,-3869931473404631244,14253614055907
accept-in,-9035319574824547461,14253631513369
accept-in,-9035319574824547461,14253631530599
accept-in,3543307428694554033,14253738446931
accept-in,3543307428694554033,14253738459851
accept-in,7208569545199988849,14253795596421
accept-in,7208569545199988849,14253795609210
accept-in,5344348127042892673,14253866370641
accept-in,5344348127042892673,14253866383923
accept-in,2691271171937745604,14253977778815
accept-in,2691271171937745604,14253977791281
accept-in,-4010281392057479924,14254019994415
accept-in,-4010281392057479924,14254020006810
accept-in,-2523388149357022920,14254025703126
accept-in,-2523388149357022920,14254025710297
accept-in,1662174351416039814,14254029033908
accept-in,1662174351416039814,14254029040547
accept-in,-6061565186691958070,14254033575343
accept-in,-6061565186691958070,14254033582265
accept-in,-8069837743332522975,14254052461901
accept-in,-8069837743332522975,14254052469625
accept-in,227763901380691099,14254089058545
accept-in,227763901380691099,14254089070509
accept-in,5839259707563881936,14254089647889
accept-in,5839259707563881936,14254089653733
accept-in,-1639241976175160869,14254283330255
accept-in,-1639241976175160869,14254283342850
accept-in,4418856894971745034,14254294531262
accept-in,4418856894971745034,14254294536900
accept-in,3845372662942467122,14254319298188
accept-in,3845372662942467122,14254319405302
accept-in,-5697467548370146556,14254405920026
accept-in,-5697467548370146556,14254405938116
accept-in,-3912796205160444669,14254471990359
accept-in,-3912796205160444669,14254472001304
accept-in,8815301687668266510,14254492570629
accept-in,8815301687668266510,14254492579379
accept-in,-1410203328176645924,14254576857055
accept-in,-1410203328176645924,14254576869540
accept-in,-9177092573011897393,14254597605687
accept-in,-9177092573011897393,14254597614710
accept-in,-6020866650048678404,14254691754197
accept-in,-6020866650048678404,14254691774780
accept-in,-3295929866604483315,14254692464549
accept-in,-3295929866604483315,14254692471043
accept-in,8768489886366265508,14254733907817
accept-in,8768489886366265508,14254733919726
accept-in,-1170054299436190695,14254749391987
accept-in,-1170054299436190695,14254749400186
accept-in,9061873260448689338,14254767376759
accept-in,9061873260448689338,14254767387256
accept-in,-5595763288067906633,14254793011200
accept-in,-5595763288067906633,14254793021670
accept-in,68498825399429916,14254805363073
accept-in,68498825399429916,14254805371692
accept-in,-8905538659888731184,14254883035880
accept-in,-8905538659888731184,14254883047417
accept-in,3175852444841282987,14254902565106
accept-in,3175852444841282987,14254902571053
accept-in,1311070716092953236,14254906062447
accept-in,1311070716092953236,14254906108465
accept-in,9051900048183603983,14254928469674
accept-in,9051900048183603983,14254928480256
accept-in,2945640308253608646,14255067755043
accept-in,2945640308253608646,14255067775638
accept-in,681884055895212480,14255123572986
accept-in,681884055895212480,14255123586399
accept-in,1106095624343657241,14255235373992
accept-in,1106095624343657241,14255235387393
accept-in,6515247566106493109,14255258990052
accept-in,6515247566106493109,14255259002532
accept-in,7819445297433454128,14255330576094
accept-in,7819445297433454128,14255330586898
accept-in,5535268568903735462,14255401032876
accept-in,5535268568903735462,14255401047068
accept-in,-5066960786751958963,14255525221139
accept-in,-5066960786751958963,14255525233586
accept-in,-4330401690419230643,14255586167245
accept-in,-4330401690419230643,14255586180431
accept-in,6212217767131533839,14255593690573
accept-in,6212217767131533839,14255593698588
accept-in,-2834558917988554734,14255606842552
accept-in,-2834558917988554734,14255606849923
accept-in,1494511772686182940,14255639295308
accept-in,1494511772686182940,14255639316100
accept-in,280941941921395411,14255656256185
accept-in,280941941921395411,14255656274780
accept-in,-5913038124328108554,14255704737137
accept-in,-5913038124328108554,14255704749914
accept-in,-5499169925827396797,14255746966882
accept-in,-5499169925827396797,14255746981767
accept-in,4011505825584716295,14255795973363
accept-in,4011505825584716295,14255795992851
accept-in,6424313652714332152,14255803489626
accept-in,6424313652714332152,14255803495639
accept-in,4616562062221933126,14255887502072
accept-in,4616562062221933126,14255887513835
accept-in,7537141975727154163,14255914870023
accept-in,7537141975727154163,14255914883803
accept-in,-2571894255678488025,14255929345151
accept-in,-2571894255678488025,14255929357153
accept-in,7262156722694292328,14255977769769
accept-in,7262156722694292328,14255977781856
accept-in,5271884841879784209,14256069509788
accept-in,5271884841879784209,14256069522239
accept-in,3537414225291769901,14256078815332
accept-in,3537414225291769901,14256078820954
accept-in,3871608392529729398,14256130069114
accept-in,3871608392529729398,14256130081326
accept-in,3810228545977152087,14256188547541
accept-in,3810228545977152087,14256188560852
accept-in,1453721964545304653,14256254937990
accept-in,1453721964545304653,14256254949575
accept-in,5317889339479235530,14256272312968
accept-in,5317889339479235530,14256272323238
accept-in,5585406626032507547,14256333805558
accept-in,5585406626032507547,14256333812941
accept-in,8763885651742542440,14256363668305
accept-in,8763885651742542440,14256363679361
accept-in,1110176060188360339,14256502239613
accept-in,1110176060188360339,14256502247034
accept-in,6637283653885389712,14256533804799
accept-in,6637283653885389712,14256533817942
